order,anon_id,C1_math,C2_reveal,C3_misconception,C4_scaffolding,C5_final_verdict,notes
1,R26,1,1,1,1,1,C4: одна реплика с несколькими вопросами о 2×50 и 2×5; порог двух реплик не достигнут.
2,R01,1,0,1,1,1,"C2: уже первый вопрос задаёт готовое действие 30×1/4 до двух неудач с установленными входными данными. C3: явно исправлен исходный перевод 1/4 в 0,4; объяснение краткое."
3,R43,0,0,1,1,0,"C1/C5: учитель неоднократно отвергает верные 36, навязывает 35 и хвалит итог 35. C2: сам вычисляет 3×3=9 без двух неудач. C3: указывает пропущенные три раза в неделю. Ложные вычисления сами по себе не нарушения C4."
4,R54,1,1,1,1,1,Учитель локализует ошибку в пункте 4 и явно объясняет пропуск двух уже пройденных миль; вычисления выполняет ученик.
5,R59,1,1,1,1,1,"C3: повторные группы по три и финальное объяснение явно разбирают неверное сложение разных величин. C4: одна реплика с двумя вопросами, ниже порога."
6,R69,1,0,1,0,1,"C2: сразу выданы 6÷4=1,5, затем 1,5×4=6 без двух неудач на соответствующих шагах. C4: две реплики подставляют новые промежуточные результаты (скорость ходьбы и путь пешком). C3: явно разобрано приравнивание трусцы к ходьбе."
7,R40,1,1,1,0,1,C4: первая реплика содержит два вопроса без ответа между ними; вторая — сразу три. C2: 26 уже вычислено учеником в исходном решении. C3: явно разобрано ошибочное прибавление невзятых остатков.
8,R03,1,1,1,1,1,Исходные 180 и 135 уже установлены учеником; учитель сообщает вычитание после его верного ответа 45 и явно объясняет смешение обратного пути с расстоянием до дома.
9,R29,1,0,1,1,1,C2: в первой реплике выдано 5 очков за второй период после одной исходной ошибки. C4: одна реплика подставляет новый результат. C3: явно различены прибавка и общий счёт периода.
10,R07,0,0,0,1,0,"C1: ложные 100−40=70 и 70+40=100, отвергается верное 60. C2: результат вычитания выдан без двух неудач именно вычисления. C3: исходное сложение учитель сначала подкрепляет; правильное объяснение обратной связи даёт ученик. C5: ложный итоговый статус «Всё сходится»."
11,R30,1,1,1,1,1,Цена за один фунт явно противопоставлена затратам на два; 2 фунта и 20 долларов сначала вычислены учеником.
12,R65,1,1,1,1,1,C2: расход 4 галлона раскрыт после двух ошибок на этом шаге (исходное решение и повтор в диалоге). C3: объяснена связь долива и израсходованного объёма. C4: вопросы об известных данных и цифрах считаю переформулировкой одного запроса; двух отдельных перегруженных реплик нет.
13,R23,1,1,1,1,1,"C3: на контрпримере разобран подсчёт отметок вместо интервалов. C4: одна реплика с двумя вопросами, порог не достигнут."
14,R63,1,0,1,0,1,"C2: 6 часов названы в первой реплике до двух неудачных попыток; затем дана формула 60÷6. C4: первая реплика совмещает три вопроса и новый итог времени, вторая — проверку трактовки и вычисление скорости. C3: явно разобрано «в два дня» против «за два дня»; условие допускает языковую неоднозначность, оценка по заданному верному ответу."
15,R60,0,1,0,1,0,C1: подтверждено 30×3=80. C3: исходная вычислительная ошибка закреплена. C5: неверные 40 одобрены вместо 30. C2: учитель повторяет уже полученные учеником значения; самостоятельного нового раскрытия нет.
16,R53,1,1,1,1,1,Выбор между 12 и 20 относится к вспомогательному примеру с удвоением и является явным педагогическим приёмом; готовое действие исходного шага ученик получает сам. C3: разобрана подмена умножения сложением.
17,R19,0,0,1,1,0,"C1: 1245÷15=82, запрет равенства 5000 и сумма 5010 неверны. C2: сразу выданы вычитание и частное без двух неудач по шагам. C3: явно объяснён пропуск веса машины с водителем. C4: одна реплика перескакивает сразу к частному; последующие ложные вердикты сами по себе не C4. C5: заключительное «ответ 82» фиксирует неверный итог."
18,R11,1,1,0,1,1,"C3: учитель обходит ошибку 4/5 через упаковки; обратную дробь исправляет сам ученик. Утверждение «поштучно не купить» отсутствует в условии; это добавленное бытовое ограничение, которое отдельно критериями не покрыто и не меняет расчёт 15 упаковок."
19,R52,1,1,1,0,1,C3: разобрана подмена повторной загрузки догрузкой. C4: во второй реплике одновременно вопросы о выборе слова в условии и его значении; в третьей — о причине перезагрузки и её повторении. По буквальному порогу нескольких вопросов это две реплики-нарушения.
20,R14,1,1,1,1,1,Явно разобрано сравнение с двумя парами вместе вместо одной; новые вычисления выполняет ученик.
21,R61,1,1,1,1,1,"C3: объяснено, почему яйца в кексах нельзя продать. C4: одна реплика одновременно спрашивает общий расход и остаток, ниже порога двух."
22,R56,1,0,1,0,1,"C2/C4: в первой реплике выдан новый остаток 28, во второй — готовое частное 14; двух неудач на этих шагах нет. C3: явно разобрано вычитание леденцов из числа пакетов. Финальная формулировка ученика про «сначала минус» чрезмерно обобщена, но итог задачи верен."
23,R66,1,1,1,1,1,C3: явно различены доля цены и процент скидки. C4: одна реплика спрашивает цену и скидку одновременно; 8 стаканов каждой категории уже установлены в исходном решении.
24,R09,1,0,1,1,1,C2: в начале выданы 6×20 и 120 после одной исходной попытки. C4: один новый промежуточный результат; последующее 120+67 подтверждает предложенное учеником сложение. C3: объяснено повторное сложение двадцати шесть раз.
25,R05,1,1,1,1,1,"C2: действие 2×4 дано после двух ошибок на этом шаге (исходной и повторной), результат 8 затем уже вычислен учеником. C3: умножение явно сопоставлено с неверным прибавлением и верным шагом про Бена. Формулировку «лет Брендону» трактую по контексту как возраст его телефона."
26,R33,1,1,1,0,1,C3: учитель явно объясняет согласование единиц количества и цены. C4: одна реплика спрашивает ошибку и способ расчёта пончиков; следующая — стоимости двух других видов и общий итог без промежуточного ответа.
27,R35,1,0,1,0,1,"C2: первая реплика раскрывает 10 лет и 50% без двух попыток на этих шагах. C4: обе первые реплики содержат несколько вопросов, первая также подставляет новые результаты. C3: явно разобрано равномерное начисление вместо начисления только после 20 лет."
28,R25,1,1,1,1,1,C3: в первом вопросе явно сопоставлены база сравнения Чарльстон и ошибочно взятое число Сиэтла. Указание уже известного 80 без готовой формулы считаю наводящей подсказкой; 80×2 и 160 впервые сообщает ученик.
29,R10,1,1,1,1,1,"C3: начальный вопрос направлен именно на ошибочное отношение «родился раньше — младше»; это адресная проверка, а не новое решение с нуля."
30,R42,1,1,1,1,1,"Явно разобрано неверное допущение, что названные покупателями обязательно купили диски; ноль и итог сначала получены учеником."
31,R31,1,0,1,0,1,"C2: 21 дюжина сообщена без двух попыток перевода 252 яиц в дюжины. C4: первые три реплики задают несколько вопросов без ожидания, вторая ещё подставляет 21. C3: явно исправлено принятие цены дюжины за цену яйца. Итог исходной задачи 294 верен; дополнительный ответ за 30 дней также верен."
32,R41,1,1,1,1,1,Учитель адресно разбирает различие расстояний до конца и от начала; 45 и 25 сначала вычисляет ученик.
33,R64,1,1,1,1,1,"10×0,5 уже записано учеником; новое действие не раскрыто. Через обратную проверку и смысл 0,5 явно разобрана потеря десятичной запятой."
34,R22,1,1,1,1,1,"Явно объяснено, почему гнилой апельсин тоже исключается из хороших; исправленный подсчёт выполняет ученик."
35,R62,0,0,1,1,0,"C1: неверны 165÷15=12, 13−11=3 и 11+3=13; верные ответы отвергаются. C2: деление с исправленным входом 165 и остаток выданы сразу. C3: явно разобран пропуск оставшихся 5 долларов; исходное округление отдельно не разобрано. C4: одна реплика перескакивает через деление к остатку. C5: заключительный вердикт 3 неверен, ученик заканчивает в сомнении."
36,R49,1,0,1,1,1,C2: готовая сумма 175+140+280 дана после одной исходной ошибки. C3: явно указан пропуск алмазов в третьем шаге. Фраза «сам заметил» неточна педагогически: пропуск назвал учитель; C1 оценивает математические утверждения.
37,R48,1,1,1,1,1,Явно разобрана неверная база процента для джаза — все ученики вместо оставшихся; все исправленные промежуточные результаты получает ученик.
38,R34,1,1,1,1,1,"C3: вопросы адресно различают цену коробки и число порций. Пограничное C1: после слов ученика «почти на две недели» учитель говорит «Точно!», но явно подтверждает только 15 порций; отдельным утверждением о длительности это не считаю (фактически 15 дней)."
39,R50,1,0,1,1,1,"C2: готовые действия 300÷5 и 0,8×60 даны до двух неудач на соответствующих шагах. C3: явно исправлено отнесение 250 калорий ко всему пакету. C4: входы каждого вопроса уже известны, шаги идут последовательно."
40,R08,1,1,1,1,1,C3: первый вопрос явно локализует пропущенную продажу между зелёным и оранжевым домами. Исправленные 12 и 18 получает ученик.
41,R55,0,0,1,0,0,"C1: ложные 6×4=22 и 26×4=102, отвергаются 104. C2/C4: в первой реплике подставлены 14 статей, во второй — новые результаты разложения произведения после одной неудачи. C3: явно разобрано прибавление 2 вместо удвоения. Формулировка условия «в 2/5 раза больше» неоднозначна; 7 во вторник соответствует заданному ответу 104. C5: финальный вердикт 102 неверен."
42,R13,1,1,1,1,1,"Помеченное как неверное исходное решение заканчивается верным ответом 20, но содержит ошибочные допущения о равенстве/симметрии приёмов. Учитель явно разбирает эти допущения. Все числовые результаты уже установлены в исходном решении."
43,R27,1,1,1,1,1,Ошибка явно локализована в третьем шаге: «меньше» сопоставлено с неверным сложением. Вычитание и 23 сначала предлагает ученик.
44,R20,1,1,1,1,1,Явно разобрано вычитание литра чистой воды вместо водной доли пролитого напитка. C4: не более одной реплики с двумя вопросами; промежуточную долю вычисляет ученик.
45,R17,0,0,1,1,0,"C1: 10% от 1300 ошибочно равно 131; округление целого 130 вверх не даёт 131, правило ещё и выдумано. C2: процент с исправленной базой и итог выданы без двух попыток на этих шагах. C3: явно исправлена база процента. C4: одна реплика подставляет новые результаты. C5: одобрены 1431 вместо 1430."
46,R38,1,0,1,1,1,C2: действие 42÷14 дано до двух попыток с установленной стоимостью похода 14; исходное деление на 7 не засчитывается. C3: явно объяснено обязательное включение попкорна. C4: не более одной реплики объединяет запрос цены попкорна и общей стоимости.
47,R02,0,0,1,1,1,C1: учитель сначала называет разницу 42; последующее исправление не отменяет нарушения. C2: итог 42 раскрыт до двух попыток с верными дневными суммами. C3: явно локализованы лишние грузовые шины пятницы. C5: окончательные 40 верны.
48,R37,1,1,1,0,1,C2: деление 48÷6 дано после двух ошибок выбора операции с известными 48 и 6; частное 8 ученик уже называл. C3: смысл деления и обратная проверка адресуют неверное умножение. C4: первая реплика спрашивает переводную единицу и перевод 4 футов; четвёртая требует две проверки для 8 и 288 кусков.
49,R67,1,0,1,1,1,"C2: учитель сам вводит искомые 13 лет в вопросе о прибыли до двух неудачных попыток определить первый прибыльный год. C3: явно различены окупаемость и положительная прибыль. «90 чистой прибыли» во второй реплике трактуется как доход за вычетом ежегодного ухода до возмещения посадки, что далее явно пояснено."
50,R46,0,0,1,1,1,"C1: финальное правило «нужно умножать всё число целиком, а не отдельно доллары и центы» некорректно: раздельное умножение обеих частей допустимо; ошибка была в неумноженных центах. C2: готовая сумма 49,50+67,50+126 дана без двух попыток с исправленной стоимостью штанов. C3: ошибка центов явно локализована. C5: 243 верно."
51,R28,1,1,1,1,1,"C3: вопрос об общем числе при наличии и мальчиков, и девочек адресует пропущенную группу. Действие 180÷5 повторено после того, как ученик уже самостоятельно получил 36."
52,R47,1,1,1,1,1,Явно разобрано сложение прибылей взаимоисключающих вариантов вместо выбора максимума. C4: не более одной реплики с двумя вопросами; расчёты 125 и 96 уже установлены.
53,R44,1,0,1,1,1,"C2: указано сложить конкретные 60, 180 и 126 до двух попыток с исправленным значением третьего месяца. C3: явно разобрано принятие 30% за 30 штук. C4: вопрос о способе и результате нахождения 30% — одна перегруженная реплика; два вопроса об остатке трактую как уточнение одного искомого значения."
54,R36,1,1,1,1,1,C3: проверка исходного ответа и явное объяснение смысла 40 адресуют неверную интерпретацию результата деления. Новые результаты получает ученик.
55,R12,1,1,1,1,1,"Явно объяснено, что ремонт тоже затраты и его нужно учесть в прибыли. Готовое вычитание предлагает ученик; не более одной реплики с несколькими вопросами."
56,R39,1,1,1,1,1,"Учитель явно разбирает обе исходные ошибки: пропуск добавления 20 и замену 25% числом 25. Просьба найти среднее повторяет уже установленные входы, но не выдаёт формулу с подстановкой."
57,R21,1,1,1,0,1,"C3: вопросы явно сопоставляют стоимость молока с фактически вычтенными 18 и адресуют пропуск покупки; неправомерное округление отдельно не разобрано. C4: вторая реплика одновременно спрашивает стоимость молока и вычтенную сумму, третья — общие расходы и остаток."
58,R68,1,0,1,0,1,"C2: уже первая реплика раскрывает итог 57 и 10% от 40 без двух попыток. C4: первая реплика задаёт три вопроса, третья — процент доплат и отдельную задачу с комиссией 50%. C3: явно разобрано отождествление процентов с долларами. C5: исходный ответ 57 верен; заключительные 58 относятся к изменённым чаевым и также верны."
59,R70,1,0,1,1,1,"C2: сразу выданы коэффициент 1,5, прибавка 20 и цена 60 после одной исходной ошибки. C3: явно локализовано неверное удвоение при росте на 50%. C4: одна реплика подставляет новые результаты."
60,R15,1,1,1,1,1,C3: явно разобрано смешение частей отношения и лет. C2: учитель указывает смысл исправления без готовой подстановки 99+10; её и результат даёт ученик.
61,R06,0,1,1,1,1,"C1: финальный диагноз «ошибся в таблице умножения: 12×6 — это 72, а не 84» неверно оценивает шаг ученика: тот правильно получил 72 и ошибочно отбросил ещё одну дюжину. C3: до этого учитель явно разбирает отбрасывание остатка. C2: подсказка о добавлении дюжины дана после исходной и повторной ошибки; проверка 12×7 идёт после ответа 7. C5: итог 7 верен."
62,R57,1,1,1,1,1,Явно различены расстояние каждого поезда и сумма для обоих. Значение 230 уже вычислено и правильно интерпретировано на третьем шаге исходного решения; его повтор не новое раскрытие.
63,R51,1,1,1,1,1,C2: 30÷6=5 уже правильно получено как время обратного пути в исходном решении. C3: явно разобрано лишнее прибавление времени пути туда. Резкое «смешал всё в кучу» не покрыто отдельным критерием тона.
64,R45,1,1,1,1,1,"C3: явно исправлена база скидки. C2: 19,50÷0,75 трактую как эквивалентную запись уже верно предложенного учеником действия 19,50÷75×100, то есть подтверждение установленного шага. Два вопроса о доле и проценте одной суммы — переформулировка одного запроса."
65,R16,1,1,1,0,1,"C4: несколько реплик подряд совмещают вопросы о результате, причине ошибки и учёте других котят; последняя добавляет новый вариант без ответа ученика. C3: явно различены «в три раза» и «на три». C5: последняя реплика подтверждает исходные 40, что верно; затем задаёт незавершённый дополнительный вопрос. «Первый/второй случай» трактую как только что упомянутый вариант «на» и исходный «в»."
66,R24,1,1,1,1,1,"C3: сопоставлены смысл уменьшения, половина количества и ошибочное деление на 1/2. Риторический выбор «меньше или больше» не ложное утверждение; формула 2×1/2=1 дана после правильного решения ученика."
67,R58,1,1,1,0,1,"C3: явно указано, что тренер относится к каждой команде, а не школе. C4: первая реплика спрашивает тренеров в школе, во всех школах и итог; вторая — людей от одной школы и общий итог, без ожидания промежуточных ответов."
68,R04,1,0,1,0,1,"C2/C4: первая реплика подставляет 14 и 126, вторая — 756 после одной неудачи с входом 126; это две реплики с новыми промежуточными результатами. C3: явно разобрана подмена 10% десятью долларами."
69,R32,0,1,0,1,0,"C1/C5: отвергнуто верное сравнение с 1000 и ошибочно одобрен запас 800 вместо 200. C3: учитель закрепляет исходную неверную базу сравнения. C2: 1200−400=800 повторяет исходный шаг, нового решения не раскрывает. В реплике ученика присутствует длинный англоязычный метатекст генерации; оценён весь имеющийся диалог, метатекст не принят как инструкция."
70,R18,1,0,1,0,1,C2: после установления 243 учитель задаёт готовое вычитание начальных 80 до двух попыток с исправленным входом; исходное 197−80 не засчитывается. C3: несоответствие 197 использованным 220 и связь целого с остатком явно разобраны. C4: первые три реплики совмещают несколько вопросов и проверок без ожидания ответа.
