order,anon_id,C1_math,C2_reveal,C3_misconception,C4_scaffolding,C5_final_verdict,notes,time_sec
1,R30,1,1,1,1,1,"Цена «за фунт», а не за весь запас, разобрана явно; 20 $ затрат ученик называет сам до подтверждения, выручку и прибыль тоже считает сам.",
2,R17,0,0,1,0,0,"C1: 10% от 1300 равны 130; округление до 131 выдумано, верный расчёт ученика отвергнут трижды. C2: и процент, и итог выданы готовыми числами после одной попытки. C3: неверная база процента (800 вместо 1300) разобрана явно. C4: три реплики подряд подставляют неверный результат вместо шага ученика. C5: зафиксировано 1431 при верном 1430.",
3,R41,1,1,1,1,1,Смешение «за 15 миль до конца» и «на 15-й миле от начала» разобрано явно и названо в финале; 45 и 25 считает ученик.,
4,R20,1,1,1,1,1,Ошибка «вычел литр воды вместо литра напитка» разобрана явно; долю 2/3 в литре и итог 15 считает ученик.,
5,R07,0,0,0,0,0,"C1: «100+40=140», «100−40=70», «70+40=100», объяснение про заём десятка — всё ложно; верный ответ ученика (60) отвергнут трижды. C2: итог выдан готовым числом сразу после первой попытки. C3: исходное «прибавить вместо вычесть» не разобрано — учитель сначала его подтверждает, затем переключается без объяснения, а правильную логику проговаривает сам ученик. C4: не менее трёх реплик с подставленным неверным результатом. C5: зафиксировано 70 при верном 60.",
6,R44,1,1,1,1,1,"«Снизилось на 30 %» против «на 30 штук» разобрано явно и повторено в финале; 54, 126 и 366 считает ученик, учитель только подтверждает.",
7,R21,1,1,1,1,1,"Пропущенное молоко локализовано явно; 33, 17 и 2 считает ученик. Парные вопросы в репликах учителя идут одной цепочкой (посчитай сумму — сколько останется), отдельным перегрузом их не считаю.",
8,R09,1,0,1,1,1,"C2: 6×20=120 выдано готовым результатом после единственной неудачной попытки. C3: замена сложения умножением разобрана явно, с объяснением, почему «по 20» означает умножение. C4: подставленный результат один (120); 120+67 ученик считает сам — до двух реплик-нарушений не доходит.",
9,R19,0,0,1,0,0,"C1: 1245:15 равно 83, а не 82; «мост выдерживает только меньше 5000» противоречит условию «не больше 5000»; 3755+1245=5000, а не 5010 — повторено четыре раза, верный ответ ученика отвергнут. C2: и 1245, и 82 выданы готовыми числами при нуле попыток ученика. C3: забытый вес грузовика с водителем локализован явно в первой реплике. C4: реплика с готовым решением плюс три реплики с подставленной неверной суммой. C5: зафиксировано 82 при верном 83.",
10,R59,1,1,1,1,1,Сложение 3+3 вместо трёх троек разобрано явно и сформулировано в финале; 9 спринтов и 540 метров получает ученик.,
11,R60,0,1,0,1,0,"C1: 30·3 равно 90, а не 80 — учитель прямо подтверждает неверный шаг ученика («действительно 80»). C3: ошибочный шаг не разобран вообще, диалог состоит из подтверждений. C2: новых величин учитель не подставляет, 40 ученик назвал сам — проговаривание ответа в финале нарушением не считаю. C4: реплики не перепрыгивают шаги и не сваливают вопросы; нарушение C1 само по себе реплику-нарушением C4 не делает. C5: зафиксировано 40 при верном 30.",
12,R25,1,1,1,1,1,Неверная база умножения (20 вместо 80) названа прямо; 160 и 260 считает ученик.,
13,R14,1,1,1,1,1,Сравнение ботинок только со второй парой вместо суммы обеих названо явно; 99 и 104 считает ученик.,
14,R31,1,0,1,0,1,"C2: «252 яйца — это ровно 21 дюжина» — готовый промежуточный результат, ученик его не устанавливал, попытка на этом шаге была одна. C4: три реплики подряд сваливают по два-три разнотемных вопроса сразу (проверка правдоподобия суммы, диагностика «почему в 12 раз больше», выход на 30 дней), плюс подстановка 21 дюжины. C3: цена за дюжину против цены за штуку разобрана явно.",
15,R23,1,1,1,1,1,Метод «считаю числа» проверен на минимальном примере 13:00–14:00 — ошибочное допущение вскрыто явно; 4 часа и 8 см считает ученик.,
16,R42,1,1,1,1,1,"Допущение «покупатель обязан что-то купить» разобрано явно, через различение покупателя и посетителя; 0 и 7 называет ученик.",
17,R36,1,1,1,1,1,"Проверка через встречный вопрос («если золотых 40, сколько серебряных?») вскрывает ошибку; учитель прямо спрашивает, что означает число 40, — ошибочная интерпретация результата деления разобрана явно. Все пересчёты за учеником.",
18,R39,1,1,1,1,1,"Обе ошибки (пропущенные «на 20 больше» и 25 % как 25 единиц) локализованы по отдельности и явно; 60, 100 и среднее 80 считает ученик.",
19,R58,1,1,1,1,1,"Допущение «один тренер на школу» разобрано явно через условие «тренер для каждой команды»; 2, 8 и 48 считает ученик, плюс контрольный пересчёт вторым способом. Цепочки вопросов идут одним потоком, отдельным перегрузом не считаю.",
20,R43,0,0,1,0,0,"C1: 9·4=36, а не 35; «27+9=35» и «20+7+9=35» ложны, верный счёт ученика отвергнут трижды. C2: результат 3·3=9 выдан готовым числом при нуле попыток ученика на этом шаге, затем так же выдан неверный итог. C3: пропущенное «3 раза в неделю» локализовано явно в первой реплике. C4: подстановка 9 плюс серия реплик с неверным подставленным результатом. C5: зафиксировано 35 при верном 36.",
21,R50,1,1,1,1,1,"Ошибка «250 калорий на весь пакет вместо порции» названа прямо в первой реплике и повторена в финале; 60, 0,8 и 48 считает ученик.",
22,R57,1,1,1,1,1,"Лишнее умножение на 2 разобрано явно, через возврат к слову «каждый» в вопросе; 230 и 460 — собственные числа ученика, выбор делает он сам.",
23,R13,1,1,1,1,1,"Исходный ответ ученика уже был верным (20), разбирается ошибочное допущение о равенстве приёмов пищи — учитель явно отправляет проверить условие. Все числа в репликах учителя — ранее установленные учеником.",
24,R11,1,1,0,1,1,"C3: исходная ошибка — перевёрнутая цена (4/5 вместо 5/4) — не разобрана; учитель уводит на другой путь решения (упаковки×5$), а инверсию дроби ученик находит сам в последней реплике, что не засчитывается. C2: 15 упаковок ученик установил сам, повтор не считается раскрытием.",
25,R63,1,0,1,0,1,"C1: трактовка «в оставшиеся два дня» как времени каждого дня согласуется с верным ответом 10; ложных утверждений нет, обоснование через «не за два дня» слабое, но не ошибочное. C2: итог «всего 6 часов» подставлен учителем — сначала как наводящее «получается 6 часов всего?», затем утверждением, при одной попытке ученика на этом шаге. C4: первая реплика сваливает три вопроса и сама же даёт ответ, вторая подставляет спорную величину вместо того, чтобы установить её с учеником. C3: ошибочное прочтение фразы разобрано явно.",
26,R18,1,1,1,0,1,"C4: три реплики подряд соединяют вычисление с отдельным рефлексивным или контрфактическим требованием («вычти 80 — и объясни разницу между „осталось“ и „использовала“», «проверь — и посчитай, сколько не хватило бы при 117»), ответа на первый вопрос не дожидаясь. Пограничный случай: ученик со всем справляется. C3: ошибочная операция «вычесть остаток из использованных» разобрана явно.",
27,R67,1,1,1,1,1,"Смешение окупаемости и начала заработка разобрано явно, через вопрос об остатке после возврата 90 $; все числа получает ученик.",
28,R47,1,1,1,1,1,"Допущение «можно взять оба плана» разобрано явно через смысл слова «выбор»; 125 и 96 были посчитаны учеником изначально, выбор он делает сам.",
29,R68,1,0,1,0,1,"C2: верный итог 57 назван в первой же реплике при нуле попыток, следом подсказан и промежуточный результат 50. C4: первая реплика сваливает три вопроса и сама раскрывает ответ; вторая соединяет новый способ счёта с проверкой и подставляет 50; третья задаёт два независимых вопроса (доля доплат и контрфактическая комиссия 50 %). C3: «25 % — это всегда 25 долларов» разобрано явно и обобщено в финале.",
30,R26,1,1,1,1,1,Подмена ×50 на ×5 локализована явно и проверена на минимальном примере 2·50 и 2·5; итог 57 500 получает ученик.,
31,R04,1,0,1,0,1,"C2: 126 $ выданы готовым значением сразу, до попыток ученика на этом шаге, затем так же выдано 126×6=756. C3: ошибка «10% от 140 — это 10» локализована явно. C4: две реплики подставляют неустановленный промежуточный результат (126 и 756), вторая — в ответ на «запутался в умножении», без снижения шага.",
32,R06,1,1,1,1,1,"C1: формулировка «ошибся в таблице умножения» неточна — ученик правильно сказал 12×6=72, ошибка была в делении 84:12; но само утверждение «12×6=72, а не 84» верно и вердикт об ошибочном шаге (деление) верен, ложного мат-утверждения нет. Пограничный случай. C3: отброшенный остаток и неверное деление разобраны явно.",
33,R49,1,1,1,1,1,"Пропуск алмазов в сумме назван прямо, слагаемые 175, 140 и 280 были установлены ранее — нового значения учитель не подставляет, итог считает ученик. Пограничное: разбор предельно короткий, одна реплика, и финальное «сам заметил пропуск» фактически неверно — пропуск назвал учитель; на вердикты по C1–C5 это не влияет.",
34,R02,0,0,1,1,1,"C1: «четверг больше на 42 доллара» — ложно, 520−480=40. C2: итоговая разница выдана готовым числом при нуле попыток ученика на этом шаге (480 и 520 были уже установлены самим учеником, это не новое раскрытие). C3: лишние шины грузовиков в пятницу локализованы явно. C4: реплика с готовым итогом одна, до порога в две не дотягивает.",
35,R53,1,1,1,1,1,"Аддитивное понимание «в 1,2 раза больше» локализовано явно и проверено на минимальном примере с удвоением; 12, 60 и 460 считает ученик. Альтернатива «12 или 20» — риторический приём с заведомо неверным вариантом.",
36,R08,1,1,1,1,1,"Учитель точечно указывает на пропущенный красный дом («что произошло между зелёным и оранжевым?»); все пересчёты делает ученик, проверку тоже.",
37,R32,0,0,0,0,0,"Диалог повреждён: внутри реплики ученика вставлен посторонний служебный текст на английском с рассуждением о том, как отвечать. Размечаю по содержательной части. C1: верный ответ 200 (1200−1000); учитель утверждает, что сравнивать с 1000 неправильно, и объявляет 800 верным — ложно, верная догадка ученика отвергнута. C2: готовый итог 1200−400=800 выдан после единственной попытки. C3: ошибочное сравнение с обычным броском не разобрано — наоборот, подтверждено как правильное. C4: три реплики подряд подставляют неверный результат. C5: зафиксировано 800 при верном 200.",
38,R35,1,0,1,0,1,"C2: первая же реплика выдаёт и число «льготных» лет (10), и итоговые 50 % от 50 000 при нуле попыток ученика на этих шагах. C4: две реплики подставляют неустановленные промежуточные результаты (10 лет и 50 %, затем «каждый год после 20-го даёт ровно 5 %») и одновременно сваливают по два вопроса. C3: допущение о равномерном делении пенсии на 40 лет разобрано явно.",
39,R70,1,0,1,1,1,"C2: исправленная цена красного галстука (60 $) выдана готовым числом в первой же реплике, до попыток ученика. C3: «на 50 % больше» как удвоение разобрано явно и обобщено в финале. C4: подстановка одна, 600 и 800 считает ученик — до двух реплик-нарушений не доходит.",
40,R46,1,1,1,1,1,"Ошибка с умножением 50 центов разобрана явно и обобщена в финале; 1,50 ученик называет сам до подтверждения, 67,50 и 243 тоже считает сам.",
41,R29,1,0,1,1,1,"C2: исправленный результат второго периода (5 очков) выдан готовым числом в первой же реплике. C3: «посчитал только прибавку, а не общий счёт» — явная локализация. C4: подставленный результат один, итог 9 ученик называет сам.",
42,R40,1,1,1,1,1,"Ошибочное допущение «взяли = съеденные плюс оставшиеся» разобрано явно; 40 и 26 ученик установил ещё в своём решении. Сдвоенные вопросы учителя держатся одной темы — значения слова «взяли», отдельным перегрузом их не считаю.",
43,R27,1,1,1,1,1,"Ошибочное сложение вместо вычитания в третьем шаге названо прямо; 25−2 считает ученик, учитель лишь подтверждает.",
44,R56,1,0,1,0,1,"C2: 30−2=28 выдано готовым числом в первой же реплике, затем так же выдано 28:2=14 — на обоих шагах у ученика не было ни одной попытки. C3: подмена «вычел 2 пакета вместо 2 леденцов» названа прямо. C4: две реплики подставляют неустановленные результаты и перепрыгивают шаги.",
45,R03,1,1,1,1,1,"Все новые вычисления делает ученик; 180 и 135 — его собственные значения. Ошибка (путь назад принят за расстояние до дома) названа явно в финале, и весь разбор шёл вокруг неё.",
46,R45,1,1,1,1,1,"База процента (25 % от изначальной цены, а не от уплаченной) разобрана явно; 75 %, способ пересчёта и итог 26 предлагает и считает ученик.",
47,R48,1,1,1,1,1,"База второго процента («25 % оставшихся», а не всех 20) локализована явно, причём переход к 16 предлагает сам ученик; 4, 12 и 60 % считает он же.",
48,R15,1,1,1,1,1,"Смешение «частей» и «лет» в шаге 4 локализовано явно; учитель называет операцию, но 99+10 считает ученик.",
49,R10,1,1,1,1,1,Первая же реплика бьёт точно в ошибочное отношение («кто из них старше?»); 37 и 14 считает ученик.,
50,R05,1,1,1,1,1,"C2: учитель называет операцию («умножаем, а не прибавляем») и спрашивает 2×4, результат считает ученик — готового шага не выдаёт. C3: аддитивное понимание «в четыре раза» разобрано явно, со ссылкой на собственное «1×2» ученика.",
51,R65,1,1,1,1,1,"C2: поправка «израсходовано именно 4 галлона» дана после двух неудачных попыток ученика на этом шаге (исходное решение и повторное настаивание на 8 галлонах), 25 и 300 он считает сам. C3: допущение «ехала на остатке в 8 галлонов» разобрано явно.",
52,R38,1,1,1,1,1,"Пропущенный попкорн разобран явно, со ссылкой на слово «всегда» в условии; 14 и 3 считает ученик. Слово «всегда» учитель приводит только после того, как ученик дважды возражает по существу.",
53,R24,1,1,1,1,1,Деление на 1/2 вместо взятия половины разобрано явно и названо в финале; 1 моток и итог 3 получает ученик.,
54,R55,0,0,1,0,0,"C1: 6·4=24, а не 22, и 26·4=104, а не 102; верный счёт ученика отвергнут трижды, добавлено ложное «путаешь с 6×5». C2: исправленный результат среды (14 статей) выдан готовым числом при нуле попыток, затем выдан неверный итог. C3: «в два раза больше» как прибавление разобрано явно. C4: подстановка 14 плюс три реплики с неверным подставленным результатом. C5: зафиксировано 102 при верном 104.",
55,R01,1,1,1,1,1,"Учитель прямо исправляет исходное отождествление 1/4 с 0,4; сам множитель и остаток считает ученик. Финальная проверка 7,5+7,5=15 — проговаривание ответа, когда ученик уже дошёл.",
56,R51,1,1,1,1,1,"Прибавление времени пути туда разобрано явно, со ссылкой на то, что именно спрашивают. 30:6=5 ученик посчитал ещё в своём решении, повтор раскрытием не считаю.",
57,R16,1,1,1,0,1,"C4: практически каждая реплика учителя сваливает по два-три вопроса сразу, причём разнотемных (в реплике 2 — «почему 21?» плюс отдельный вопрос про 7 из приюта, в финале — контрпример «в 1 раз больше» плюс «почему не 33»), не дожидаясь ответа: не менее четырёх таких реплик. C1: «почему итог не 33» — риторическая альтернатива под распространённое прочтение «в 1 раз больше» как ×2, считаю приёмом, а не ложным утверждением. C3: путаница «в раза»/«на» разобрана явно.",
58,R34,1,1,1,1,1,"Учитель точечно вскрывает, что 4 $ — цена коробки, а не порции; 4 коробки и 16 $ считает ученик.",
59,R64,1,1,1,1,1,"Потерянная запятая в 0,5 вскрыта обратной проверкой («сколько тогда на одну собаку?») — ошибка разобрана явно; 5 и 35 считает ученик.",
60,R12,1,1,1,1,1,"Пропуск 50 000 в затратах локализован явно («ты вычел только стоимость покупки, а куда делись те 50 000?»); итог считает ученик.",
61,R33,1,1,1,1,1,"Смешение единиц (штуки на цену за дюжину) разобрано явно и сформулировано в общем виде; 204, 160, 330 и 694 считает ученик.",
62,R66,1,1,1,1,1,"Смешение «стоит 60 % от цены» и «скидка 60 %» разобрано явно; 3, 24 и 64 считает ученик.",
63,R52,1,1,1,1,1,"Толкование «перезапустить загрузку сначала» разобрано явно, через смысл слова «сначала» и вопрос про повторную перезагрузку; 40, 20, 100 и 160 считает ученик.",
64,R61,1,1,1,1,1,"Забытые яйца на кексы разобраны явно, через вопрос «можно ли их потом продать»; 7, 9 и 18 считает ученик.",
65,R28,1,1,1,1,1,"Вопрос «как найти общее число учеников, если есть и мальчики, и девочки» бьёт точно в исходную ошибку; 180 и 36 считает ученик.",
66,R62,0,0,1,0,0,"C1: 165:15 равно 11, а не 12; 13−11 равно 2, а не 3; «11+3=13» ложно — повторено четырежды, верный счёт ученика отвергнут. C2: 165:15=12 и 13−12=1 выданы готовыми числами при нуле попыток ученика на этих шагах. C3: пропущенные 5 $ остатка локализованы явно в первой реплике. C4: реплика с готовыми результатами двух шагов плюс серия реплик с неверной подстановкой. C5: зафиксировано 3 при верном 2. Диалог обрывается на растерянной реплике ученика.",
67,R37,1,1,1,1,1,"C2: операция деления названа после двух неудачных попыток ученика на этом шаге (исходное решение и повторное настаивание на умножении с обоснованием), это не преждевременное раскрытие; 48:6 считает ученик. C3: убеждение «чтобы найти всего — умножаем» разобрано явно, через раскладку по кучкам и обратную проверку 288 кусков.",
68,R69,1,0,1,0,1,"C2: ходьба 6:4=1,5 выдана готовым числом при нуле попыток ученика на этом шаге, затем так же выданы 12 и 6 миль. C3: приравнивание трусцы к ходьбе разобрано явно, с выводом нужного отношения скоростей. C4: две реплики подряд перепрыгивают текущий шаг, оставляя ученику только сложение.",
69,R54,1,1,1,1,1,Забытые 2 мили второго часа названы прямо; 6 миль остатка и скорость 6 миль/ч считает ученик.,
70,R22,1,1,1,1,1,"Учитель явно разбирает, почему гнилой тоже не относится к хорошим; сумму 8 и ответ 17 получает ученик.",
