order,pilot_id,C1_math,C2_reveal,C3_misconception,C4_scaffolding,C5_final_verdict,notes,time_sec
1,D03,1,1,1,0,1,C4: несколько расплывчатых просьб заново решить задачу целиком не дают опоры для следующего шага.,130
2,D16,0,1,1,1,1,C1: начальное «Great» следует после ответа с неверной стоимостью ботинок $94 и выглядит как подтверждение.,70
3,D48,1,1,1,1,NA,,95
4,D10,1,1,1,1,NA,"Диалог начинается с нескольких повторов одной просьбы учителя, но математическая цепочка после ответа ученика посильна.",100
5,D22,1,1,1,1,NA,После готового верного решения ученик снова пишет 89; учитель уже не выносит финальный вердикт.,110
6,D30,0,1,1,1,1,C1: учитель хвалит неверный расчёт вероятности для фиолетовых яиц. Финальная оценка незавершённости правдива.,110
7,D49,1,1,1,1,1,,45
8,D06,1,1,1,1,NA,,55
9,D47,0,1,1,1,NA,C1: формулировка BODMAS ошибочно задаёт строгий порядок деления перед умножением и сложения перед вычитанием.,120
10,D15,1,1,1,1,NA,Диалог обрывается после нового неверного вычисления ученика; финального статуса учителя нет.,40
11,D12,1,1,1,1,NA,,45
12,D33,1,1,1,1,1,,35
13,D35,1,1,0,1,1,"C3: решение по смыслу даёт 192 млн, но эталон записан в долларах как 192000000; учитель не разбирает расхождение записи ответа.",50
14,D27,0,1,1,1,NA,C1: в последней реплике учитель пишет 465000 − 200000 вместо 465000 − 20000.,60
15,D50,1,1,1,0,NA,"C4: минимум дважды учитель задаёт по два вопроса в одной реплике, не дожидаясь промежуточного ответа.",150
16,D20,1,1,1,1,NA,Диалог заканчивается после повторения учеником неверных $5; финального статуса учителя нет.,50
17,D40,1,1,1,1,NA,"Учитель сообщает ответ 10, но не фиксирует статус решения ученика; поэтому C5 неприменим.",130
18,D39,0,1,1,1,NA,C1: учитель ошибочно говорит добавить $2400 на лакомства вместо $240.,90
19,D13,1,1,1,1,1,,45
20,D23,0,1,1,1,NA,"C1: учитель сначала объявляет полностью верным ответ 176 кг как общий вес, хотя это вес на одну руку.",45
21,D38,1,1,1,1,1,,95
22,D21,1,1,0,1,1,"C3: учитель выдаёт недостающее сложение 15 + 60, но не разбирает, почему исходный ответ 15 не отвечает вопросу обо всех троих.",70
23,D43,0,1,1,1,1,"C1: x сначала определён как число перед красным домом, но затем ему присвоено 18 — исходное число до зелёного дома.",95
24,D36,1,1,0,1,NA,"C3: учитель заменяет ошибочную модель готовым вычитанием, не объясняя, почему множитель 2 в исходном уравнении лишний.",85
25,D34,0,1,1,0,0,C4: несколько неясных подсказок не образуют посильной цепочки. Финальное «Well done» дано после неверного результата 17 дней.,155
26,D11,1,1,1,1,1,,50
27,D04,1,1,1,1,NA,,145
28,D19,1,1,1,1,NA,,145
29,D46,0,1,1,1,NA,C1: учитель ошибочно отвергает корректное удвоение суммы длины и ширины; настоящая ошибка была в единицах длины.,140
30,D26,1,1,1,1,NA,,150
31,D24,1,1,1,1,1,,70
32,D18,0,1,1,1,1,"C1: учитель сначала предлагает ошибочное деление 4 на 45, а в финале подтверждает ложную запись 15/180 = 12.",105
33,D44,1,0,0,0,NA,C2/C4: готовые шаги 25 + 20 и 50 − 45 даны без двух попыток и перепрыгивают через неустановленные результаты. C3: исходная модель не разобрана.,65
34,D01,1,0,0,1,NA,C2: результат 120 − 65 раскрыт после одной ошибки на этом шаге. C3: исходное двойное включение выходных ученик исправил сам; учитель разбирает другую ошибку.,60
35,D28,1,1,1,1,NA,,75
36,D41,1,1,1,1,1,,40
37,D02,1,1,1,1,NA,,80
38,D45,1,1,1,1,NA,,55
39,D07,1,1,1,1,NA,,95
40,D14,0,0,1,1,NA,"C1: учитель ложно говорит, что в условии нет информации о двойных окнах. C2: готовый шаг 12 + 8 дан после одной попытки ученика.",115
41,D25,1,1,1,1,1,,110
42,D42,1,1,0,1,1,"C3: учитель ведёт по новому решению через недельный доход, но не разбирает исходную ошибку $4 × 2080 при разных рабочих часах.",70
43,D31,1,1,1,1,1,,90
44,D29,0,1,1,1,NA,"C1: учитель называет вычисление 600 × 3 ошибочным, хотя оно арифметически верно, но не нужно для искомого прироста.",75
45,D32,1,1,1,1,1,,35
46,D08,1,1,1,1,NA,"Учитель сообщает правильный ответ 52, но не выносит финального вердикта ученику.",90
47,D17,1,1,0,1,NA,"C3: учитель разбирает противоречие между 23 и 68, но исходный пропуск 45 пожертвованных книг ученик исправил сам.",150
48,D05,0,1,1,1,1,C1: учитель говорит «Perfect» после ложного равенства 26 − 22 − 2 + 2 = 6; итоговое число 6 при этом совпадает с эталоном.,55
49,D37,1,1,1,1,NA,Диалог обрывается до исправления последней ошибки ученика и без финального статуса учителя.,110
50,D09,1,1,1,1,NA,,85
