anon_id,pilot_id,flaw,expected_violation
R01,F18,ignore,C3_misconception
R02,F19,math,C1_math
R03,N09,,
R04,F29,reveal,C2_reveal
R05,F06,ignore,C3_misconception
R06,N19,,
R07,F35,math,C1_math
R08,N14,,
R09,F25,reveal,C2_reveal
R10,N22,,
R11,F02,ignore,C3_misconception
R12,N03,,
R13,N05,,
R14,N30,,
R15,N31,,
R16,F20,overload,C4_scaffolding
R17,F27,math,C1_math
R18,F12,overload,C4_scaffolding
R19,F23,math,C1_math
R20,N21,,
R21,N26,,
R22,F26,ignore,C3_misconception
R23,N24,,
R24,N02,,
R25,N07,,
R26,N18,,
R27,N35,,
R28,F34,ignore,C3_misconception
R29,F01,reveal,C2_reveal
R30,F10,ignore,C3_misconception
R31,F16,overload,C4_scaffolding
R32,F07,math,C1_math
R33,N12,,
R34,N28,,
R35,F28,overload,C4_scaffolding
R36,N34,,
R37,F14,ignore,C3_misconception
R38,F22,ignore,C3_misconception
R39,N32,,
R40,F08,overload,C4_scaffolding
R41,N29,,
R42,N23,,
R43,F31,math,C1_math
R44,N11,,
R45,N25,,
R46,N27,,
R47,N16,,
R48,N15,,
R49,F33,reveal,C2_reveal
R50,F09,reveal,C2_reveal
R51,F17,reveal,C2_reveal
R52,N08,,
R53,N10,,
R54,N20,,
R55,F11,math,C1_math
R56,F21,reveal,C2_reveal
R57,N17,,
R58,F32,overload,C4_scaffolding
R59,N04,,
R60,F15,math,C1_math
R61,N01,,
R62,F03,math,C1_math
R63,F04,overload,C4_scaffolding
R64,N33,,
R65,F30,ignore,C3_misconception
R66,N06,,
R67,N13,,
R68,F24,overload,C4_scaffolding
R69,F05,reveal,C2_reveal
R70,F13,reveal,C2_reveal
