"anon_id","criterion","verdict_A","verdict_B","resolution","final_verdict","resolution_comment","notes_A","notes_B"
"R06","C1_math","1","0","B","0","Учитель приписывает ученику ошибку «12×6 — это 72, а не 84», которой тот не делал (ученик верно получил 72; ошибка была в отбрасывании остатка). Это неверный вердикт о шаге ученика — прямо входит в определение C1.","C1: формулировка «ошибся в таблице умножения» неточна — ученик правильно сказал 12×6=72, ошибка была в делении 84:12; но само утверждение «12×6=72, а не 84» верно и вердикт об ошибочном шаге (деление) верен, ложного мат-утверждения нет. Пограничный случай. C3: отброшенный остаток и неверное деление разобраны явно.","C1: финальный диагноз «ошибся в таблице умножения: 12×6 — это 72, а не 84» неверно оценивает шаг ученика: тот правильно получил 72 и ошибочно отбросил ещё одну дюжину. C3: до этого учитель явно разбирает отбрасывание остатка. C2: подсказка о добавлении дюжины дана после исходной и повторной ошибки; проверка 12×7 идёт после ответа 7. C5: итог 7 верен."
"R46","C1_math","1","0","A","1","«Нужно умножать всё число целиком» — неточная методическая рекомендация, а не ложное мат-утверждение и не неверный вердикт о шаге: ученик действительно умножал части раздельно, и учитель это верно описывает. Пограничный случай.","Ошибка с умножением 50 центов разобрана явно и обобщена в финале; 1,50 ученик называет сам до подтверждения, 67,50 и 243 тоже считает сам.","C1: финальное правило «нужно умножать всё число целиком, а не отдельно доллары и центы» некорректно: раздельное умножение обеих частей допустимо; ошибка была в неумноженных центах. C2: готовая сумма 49,50+67,50+126 дана без двух попыток с исправленной стоимостью штанов. C3: ошибка центов явно локализована. C5: 243 верно."
"R44","C2_reveal","1","0","A","1","«Сложи 60, 180 и 126» — собственный четвёртый шаг ученика с уже установленными слагаемыми; 54 и 126 ученик получил сам. Повтор известных значений как входа следующего шага — не раскрытие.","«Снизилось на 30 %» против «на 30 штук» разобрано явно и повторено в финале; 54, 126 и 366 считает ученик, учитель только подтверждает.","C2: указано сложить конкретные 60, 180 и 126 до двух попыток с исправленным значением третьего месяца. C3: явно разобрано принятие 30% за 30 штук. C4: вопрос о способе и результате нахождения 30% — одна перегруженная реплика; два вопроса об остатке трактую как уточнение одного искомого значения."
"R50","C2_reveal","1","0","B","0","«300 делим на 5 порций» и «умножь 0,8 на 60» — новые действия, которых не было в решении ученика, выданы при нуле попыток на этих шагах. Явное преждевременное раскрытие.","Ошибка «250 калорий на весь пакет вместо порции» названа прямо в первой реплике и повторена в финале; 60, 0,8 и 48 считает ученик.","C2: готовые действия 300÷5 и 0,8×60 даны до двух неудач на соответствующих шагах. C3: явно исправлено отнесение 250 калорий ко всему пакету. C4: входы каждого вопроса уже известны, шаги идут последовательно."
"R18","C2_reveal","1","0","A","1","«Вычти начальные 80» повторяет операцию, которую ученик сам выбрал в исходном решении (197−80); вход 243 только что установлен учеником. Повтор собственного шага ученика с исправленным входом — не новое раскрытие (аналогично R09, где B сам так трактовал 120+67).","C4: три реплики подряд соединяют вычисление с отдельным рефлексивным или контрфактическим требованием («вычти 80 — и объясни разницу между „осталось“ и „использовала“», «проверь — и посчитай, сколько не хватило бы при 117»), ответа на первый вопрос не дожидаясь. Пограничный случай: ученик со всем справляется. C3: ошибочная операция «вычесть остаток из использованных» разобрана явно.","C2: после установления 243 учитель задаёт готовое вычитание начальных 80 до двух попыток с исправленным входом; исходное 197−80 не засчитывается. C3: несоответствие 197 использованным 220 и связь целого с остатком явно разобраны. C4: первые три реплики совмещают несколько вопросов и проверок без ожидания ответа."
"R67","C2_reveal","1","0","B","0","Число 13 (итоговый ответ) впервые вводит учитель в вопросе «сколько будет после 13 лет?» после единственной попытки ученика на финальном шаге (исходные 12; «надо больше 12?» — не конкретная попытка). Пограничный, но по букве C2 — раскрытие итога.","Смешение окупаемости и начала заработка разобрано явно, через вопрос об остатке после возврата 90 $; все числа получает ученик.","C2: учитель сам вводит искомые 13 лет в вопросе о прибыли до двух неудачных попыток определить первый прибыльный год. C3: явно различены окупаемость и положительная прибыль. «90 чистой прибыли» во второй реплике трактуется как доход за вычетом ежегодного ухода до возмещения посадки, что далее явно пояснено."
"R49","C2_reveal","1","0","B","0","Учитель сам называет пропущенное слагаемое («забыл алмазы») и выдаёт готовую формулу 175+140+280 после единственной (исходной) попытки; ученик исправление не устанавливал. Это готовый шаг до двух неудач.","Пропуск алмазов в сумме назван прямо, слагаемые 175, 140 и 280 были установлены ранее — нового значения учитель не подставляет, итог считает ученик. Пограничное: разбор предельно короткий, одна реплика, и финальное «сам заметил пропуск» фактически неверно — пропуск назвал учитель; на вердикты по C1–C5 это не влияет.","C2: готовая сумма 175+140+280 дана после одной исходной ошибки. C3: явно указан пропуск алмазов в третьем шаге. Фраза «сам заметил» неточна педагогически: пропуск назвал учитель; C1 оценивает математические утверждения."
"R32","C2_reveal","0","1","B","1","«1200−400=800» — повтор шага и результата, установленных самим учеником в исходном решении, а не новое раскрытие. Нарушения здесь по C1/C3/C5 (отвергнута верная догадка сравнить с 1000), но не по C2.","Диалог повреждён: внутри реплики ученика вставлен посторонний служебный текст на английском с рассуждением о том, как отвечать. Размечаю по содержательной части. C1: верный ответ 200 (1200−1000); учитель утверждает, что сравнивать с 1000 неправильно, и объявляет 800 верным — ложно, верная догадка ученика отвергнута. C2: готовый итог 1200−400=800 выдан после единственной попытки. C3: ошибочное сравнение с обычным броском не разобрано — наоборот, подтверждено как правильное. C4: три реплики подряд подставляют неверный результат. C5: зафиксировано 800 при верном 200.","C1/C5: отвергнуто верное сравнение с 1000 и ошибочно одобрен запас 800 вместо 200. C3: учитель закрепляет исходную неверную базу сравнения. C2: 1200−400=800 повторяет исходный шаг, нового решения не раскрывает. В реплике ученика присутствует длинный англоязычный метатекст генерации; оценён весь имеющийся диалог, метатекст не принят как инструкция."
"R46","C2_reveal","1","0","A","1","«49,50 + 67,50 + 126» — сложение было шагом самого ученика, все слагаемые установлены учеником; учитель лишь перечисляет известные значения. Не раскрытие (тот же принцип, что B применил в R09).","Ошибка с умножением 50 центов разобрана явно и обобщена в финале; 1,50 ученик называет сам до подтверждения, 67,50 и 243 тоже считает сам.","C1: финальное правило «нужно умножать всё число целиком, а не отдельно доллары и центы» некорректно: раздельное умножение обеих частей допустимо; ошибка была в неумноженных центах. C2: готовая сумма 49,50+67,50+126 дана без двух попыток с исправленной стоимостью штанов. C3: ошибка центов явно локализована. C5: 243 верно."
"R38","C2_reveal","1","0","A","1","«Раздели 42 на 14» повторяет собственную операцию ученика (42:7) с исправленным входом 14, который ученик только что установил сам. Готового нового действия учитель не выдаёт.","Пропущенный попкорн разобран явно, со ссылкой на слово «всегда» в условии; 14 и 3 считает ученик. Слово «всегда» учитель приводит только после того, как ученик дважды возражает по существу.","C2: действие 42÷14 дано до двух попыток с установленной стоимостью похода 14; исходное деление на 7 не засчитывается. C3: явно объяснено обязательное включение попкорна. C4: не более одной реплики объединяет запрос цены попкорна и общей стоимости."
"R01","C2_reveal","1","0","A","1","«Сколько будет 30 × 1/4?» — это собственный шаг ученика из исходного решения; учитель не сообщает нового действия. Поправка «1/4 = 0,25» дана после двух неудач на этом шаге (исходное решение + повтор в диалоге), 7,5 и остальное считает ученик.","Учитель прямо исправляет исходное отождествление 1/4 с 0,4; сам множитель и остаток считает ученик. Финальная проверка 7,5+7,5=15 — проговаривание ответа, когда ученик уже дошёл.","C2: уже первый вопрос задаёт готовое действие 30×1/4 до двух неудач с установленными входными данными. C3: явно исправлен исходный перевод 1/4 в 0,4; объяснение краткое."
"R17","C4_scaffolding","0","1","A","0","Реплика 2 подставляет 131 и 1431 при нуле попыток ученика; реплики 3–4 вместо работы с предложенными учеником 130/1430 снова подставляют собственные числа и выдуманное правило округления. ≥2 реплик с неустановленным результатом.","C1: 10% от 1300 равны 130; округление до 131 выдумано, верный расчёт ученика отвергнут трижды. C2: и процент, и итог выданы готовыми числами после одной попытки. C3: неверная база процента (800 вместо 1300) разобрана явно. C4: три реплики подряд подставляют неверный результат вместо шага ученика. C5: зафиксировано 1431 при верном 1430.","C1: 10% от 1300 ошибочно равно 131; округление целого 130 вверх не даёт 131, правило ещё и выдумано. C2: процент с исправленной базой и итог выданы без двух попыток на этих шагах. C3: явно исправлена база процента. C4: одна реплика подставляет новые результаты. C5: одобрены 1431 вместо 1430."
"R07","C4_scaffolding","0","1","A","0","Учитель сам выполняет шаги вместо ученика: «100+40=140», затем «100−40=70» — как минимум две реплики с подставленным неустановленным (и неверным) результатом. Это не просто ложные вердикты (C1), а подмена работы ученика готовым числом, т.е. реплики-нарушения C4.","C1: «100+40=140», «100−40=70», «70+40=100», объяснение про заём десятка — всё ложно; верный ответ ученика (60) отвергнут трижды. C2: итог выдан готовым числом сразу после первой попытки. C3: исходное «прибавить вместо вычесть» не разобрано — учитель сначала его подтверждает, затем переключается без объяснения, а правильную логику проговаривает сам ученик. C4: не менее трёх реплик с подставленным неверным результатом. C5: зафиксировано 70 при верном 60.","C1: ложные 100−40=70 и 70+40=100, отвергается верное 60. C2: результат вычитания выдан без двух неудач именно вычисления. C3: исходное сложение учитель сначала подкрепляет; правильное объяснение обратной связи даёт ученик. C5: ложный итоговый статус «Всё сходится»."
"R21","C4_scaffolding","1","0","A","1","Оба сдвоенных вопроса — цепочки одного шага (стоимость молока → что вычитал; сумма трёх покупок → остаток на пиццу), материал для ответа полностью установлен, ученик отвечает без затруднений. Сцепленную декомпозицию одного шага не считаем «сваливанием нескольких вопросов».","Пропущенное молоко локализовано явно; 33, 17 и 2 считает ученик. Парные вопросы в репликах учителя идут одной цепочкой (посчитай сумму — сколько останется), отдельным перегрузом их не считаю.","C3: вопросы явно сопоставляют стоимость молока с фактически вычтенными 18 и адресуют пропуск покупки; неправомерное округление отдельно не разобрано. C4: вторая реплика одновременно спрашивает стоимость молока и вычтенную сумму, третья — общие расходы и остаток."
"R19","C4_scaffolding","0","1","A","0","Реплика 2 перепрыгивает два шага сразу (5000−3755=1245, 1245:15=82); далее учитель многократно подставляет собственную сумму «3755+1245=5010» вместо результата ученика. ≥2 реплик-нарушений.","C1: 1245:15 равно 83, а не 82; «мост выдерживает только меньше 5000» противоречит условию «не больше 5000»; 3755+1245=5000, а не 5010 — повторено четыре раза, верный ответ ученика отвергнут. C2: и 1245, и 82 выданы готовыми числами при нуле попыток ученика. C3: забытый вес грузовика с водителем локализован явно в первой реплике. C4: реплика с готовым решением плюс три реплики с подставленной неверной суммой. C5: зафиксировано 82 при верном 83.","C1: 1245÷15=82, запрет равенства 5000 и сумма 5010 неверны. C2: сразу выданы вычитание и частное без двух неудач по шагам. C3: явно объяснён пропуск веса машины с водителем. C4: одна реплика перескакивает сразу к частному; последующие ложные вердикты сами по себе не C4. C5: заключительное «ответ 82» фиксирует неверный итог."
"R58","C4_scaffolding","1","0","A","1","Обе реплики — сцепленные декомпозиции одного шага (тренеры в школе → во всех → итог; люди от школы → ×4), с полностью известным материалом; ученик отвечает целиком и верно. Самый пограничный из «цепочных» случаев, но по посильности нарушения нет.","Допущение «один тренер на школу» разобрано явно через условие «тренер для каждой команды»; 2, 8 и 48 считает ученик, плюс контрольный пересчёт вторым способом. Цепочки вопросов идут одним потоком, отдельным перегрузом не считаю.","C3: явно указано, что тренер относится к каждой команде, а не школе. C4: первая реплика спрашивает тренеров в школе, во всех школах и итог; вторая — людей от одной школы и общий итог, без ожидания промежуточных ответов."
"R43","C4_scaffolding","0","1","A","0","Реплика 2 подставляет результат 3·3=9 вместо ученика; реплики 3–4 подставляют собственное «9·4=35», «27+9=35» вместо верного результата ученика. ≥2 реплик с подставленным неустановленным результатом.","C1: 9·4=36, а не 35; «27+9=35» и «20+7+9=35» ложны, верный счёт ученика отвергнут трижды. C2: результат 3·3=9 выдан готовым числом при нуле попыток ученика на этом шаге, затем так же выдан неверный итог. C3: пропущенное «3 раза в неделю» локализовано явно в первой реплике. C4: подстановка 9 плюс серия реплик с неверным подставленным результатом. C5: зафиксировано 35 при верном 36.","C1/C5: учитель неоднократно отвергает верные 36, навязывает 35 и хвалит итог 35. C2: сам вычисляет 3×3=9 без двух неудач. C3: указывает пропущенные три раза в неделю. Ложные вычисления сами по себе не нарушения C4."
"R32","C4_scaffolding","0","1","B","1","Учитель не подставляет неустановленных результатов (800 — собственное число ученика из исходного решения), не перепрыгивает шаги и не сваливает вопросы; реплики 2–4 — ложные вердикты, а нарушение C1 само по себе не делает реплику нарушением C4.","Диалог повреждён: внутри реплики ученика вставлен посторонний служебный текст на английском с рассуждением о том, как отвечать. Размечаю по содержательной части. C1: верный ответ 200 (1200−1000); учитель утверждает, что сравнивать с 1000 неправильно, и объявляет 800 верным — ложно, верная догадка ученика отвергнута. C2: готовый итог 1200−400=800 выдан после единственной попытки. C3: ошибочное сравнение с обычным броском не разобрано — наоборот, подтверждено как правильное. C4: три реплики подряд подставляют неверный результат. C5: зафиксировано 800 при верном 200.","C1/C5: отвергнуто верное сравнение с 1000 и ошибочно одобрен запас 800 вместо 200. C3: учитель закрепляет исходную неверную базу сравнения. C2: 1200−400=800 повторяет исходный шаг, нового решения не раскрывает. В реплике ученика присутствует длинный англоязычный метатекст генерации; оценён весь имеющийся диалог, метатекст не принят как инструкция."
"R40","C4_scaffolding","1","0","A","1","Вопросы в каждой реплике держатся одной темы (значение слова «взяли»), материал известен, ученик отвечает связно. Единичная перегруженная реплика 2 (три вопроса) порога в две реплики не даёт.","Ошибочное допущение «взяли = съеденные плюс оставшиеся» разобрано явно; 40 и 26 ученик установил ещё в своём решении. Сдвоенные вопросы учителя держатся одной темы — значения слова «взяли», отдельным перегрузом их не считаю.","C4: первая реплика содержит два вопроса без ответа между ними; вторая — сразу три. C2: 26 уже вычислено учеником в исходном решении. C3: явно разобрано ошибочное прибавление невзятых остатков."
"R33","C4_scaffolding","1","0","A","1","Сдвоенные вопросы («в чём ошибка и как считать пончики»; «кексы и чизкейки — и сколько всего») тематически едины и сцеплены, ученик отвечает на них целиком и без затруднений. Не реплики-нарушения.","Смешение единиц (штуки на цену за дюжину) разобрано явно и сформулировано в общем виде; 204, 160, 330 и 694 считает ученик.","C3: учитель явно объясняет согласование единиц количества и цены. C4: одна реплика спрашивает ошибку и способ расчёта пончиков; следующая — стоимости двух других видов и общий итог без промежуточного ответа."
"R52","C4_scaffolding","1","0","A","1","Сдвоенные вопросы едины по теме (смысл слова «сначала»; причина перезагрузки — вопрос, поднятый самим учеником); далее шаги идут строго по одному. Перегруза нет.","Толкование «перезапустить загрузку сначала» разобрано явно, через смысл слова «сначала» и вопрос про повторную перезагрузку; 40, 20, 100 и 160 считает ученик.","C3: разобрана подмена повторной загрузки догрузкой. C4: во второй реплике одновременно вопросы о выборе слова в условии и его значении; в третьей — о причине перезагрузки и её повторении. По буквальному порогу нескольких вопросов это две реплики-нарушения."
"R62","C4_scaffolding","0","1","A","0","Реплика 2 перепрыгивает два шага и подставляет 165:15=12 и 13−12=1; далее учитель подставляет «13−11=3» и «11+3=13» вместо верных результатов ученика. ≥2 реплик-нарушений.","C1: 165:15 равно 11, а не 12; 13−11 равно 2, а не 3; «11+3=13» ложно — повторено четырежды, верный счёт ученика отвергнут. C2: 165:15=12 и 13−12=1 выданы готовыми числами при нуле попыток ученика на этих шагах. C3: пропущенные 5 $ остатка локализованы явно в первой реплике. C4: реплика с готовыми результатами двух шагов плюс серия реплик с неверной подстановкой. C5: зафиксировано 3 при верном 2. Диалог обрывается на растерянной реплике ученика.","C1: неверны 165÷15=12, 13−11=3 и 11+3=13; верные ответы отвергаются. C2: деление с исправленным входом 165 и остаток выданы сразу. C3: явно разобран пропуск оставшихся 5 долларов; исходное округление отдельно не разобрано. C4: одна реплика перескакивает через деление к остатку. C5: заключительный вердикт 3 неверен, ученик заканчивает в сомнении."
"R37","C4_scaffolding","1","0","A","1","«Сколько дюймов в футе и как перевести 4 фута» — одна цепочка (справка → применение); «сколько дюймов при 8 кусках, а при 288» — одна и та же проверка для двух вариантов. Ученик справляется; перегруза нет.","C2: операция деления названа после двух неудачных попыток ученика на этом шаге (исходное решение и повторное настаивание на умножении с обоснованием), это не преждевременное раскрытие; 48:6 считает ученик. C3: убеждение «чтобы найти всего — умножаем» разобрано явно, через раскладку по кучкам и обратную проверку 288 кусков.","C2: деление 48÷6 дано после двух ошибок выбора операции с известными 48 и 6; частное 8 ученик уже называл. C3: смысл деления и обратная проверка адресуют неверное умножение. C4: первая реплика спрашивает переводную единицу и перевод 4 футов; четвёртая требует две проверки для 8 и 288 кусков."
