pilot_id,criterion,verdict_A,verdict_B,notes_A,notes_B,resolution,resolution_comment
D01,C2_reveal,0,1,C2: результат 120 − 65 раскрыт после одной ошибки на этом шаге. C3: исходное двойное включение выходных ученик исправил сам; учитель разбирает другую ошибку.,,0,rule: считать попытки отдельно для каждого шага и только с уже установленными входными данными; в D01 результат 120 − 65 = 55 раскрыт после одной такой попытки.
D14,C2_reveal,0,1,"C1: учитель ложно говорит, что в условии нет информации о двойных окнах. C2: готовый шаг 12 + 8 дан после одной попытки ученика.",The teacher says it does not see double windows although they are explicitly stated in the problem; counted as a C1 error.,0,rule: готовый шаг можно давать лишь после двух неудачных попыток именно на нём; в D14 реплика «12 downstairs + 8 upstairs» задаёт шаг после одной попытки найти общее число окон.
D25,C2_reveal,1,0,,C2: teacher supplies 1800 + 720 = 2520 and 4 x 2520 after only one failed attempt on each step.,1,"rule: готовый шаг допустим после двух неудачных попыток именно на нём, а повтор уже установленного значения не является новым раскрытием; в D25 сумма раскрыта после двух ответов 2500, а 2520 затем лишь повторено как вход следующего шага."
D01,C3_misconception,0,1,C2: результат 120 − 65 раскрыт после одной ошибки на этом шаге. C3: исходное двойное включение выходных ученик исправил сам; учитель разбирает другую ошибку.,,0,"rule: C3=1, только если учитель явно связывает разбор с ошибочным отношением, операцией или допущением исходного решения; в D01 двойное включение выходных ученик исправил сам, а учитель разобрал последующую арифметическую ошибку."
D17,C3_misconception,0,1,"C3: учитель разбирает противоречие между 23 и 68, но исходный пропуск 45 пожертвованных книг ученик исправил сам.",The learner's arithmetic repeatedly yields 23 but the text says 68; the teacher consistently targets this contradiction.,0,"rule: самостоятельное исправление исходной ошибки учеником не заменяет её разбор учителем; в D17 пропуск 45 пожертвованных книг исправлен учеником, а учитель разбирает новое противоречие между 23 и 68."
D21,C3_misconception,0,1,"C3: учитель выдаёт недостающее сложение 15 + 60, но не разбирает, почему исходный ответ 15 не отвечает вопросу обо всех троих.",,0,"rule: выдача недостающего шага без объяснения связи с исходной ошибкой не удовлетворяет C3; в D21 учитель даёт 15 + 60, но не разбирает, почему ответ 15 охватывает не всех троих."
D36,C3_misconception,0,1,"C3: учитель заменяет ошибочную модель готовым вычитанием, не объясняя, почему множитель 2 в исходном уравнении лишний.",,0,"rule: замена исходной модели новым решением без разбора ошибочного элемента считается решением с нуля; в D36 учитель даёт вычитание, но не объясняет лишний множитель 2 в исходном уравнении."
D42,C3_misconception,0,1,"C3: учитель ведёт по новому решению через недельный доход, но не разбирает исходную ошибку $4 × 2080 при разных рабочих часах.",,0,"rule: новое корректное решение не засчитывается по C3 без явного разбора исходной ошибки; в D42 учитель переходит к недельным доходам, не объясняя ошибочность $4 × 2080 при разных рабочих часах."
D44,C3_misconception,0,1,C2/C4: готовые шаги 25 + 20 и 50 − 45 даны без двух попыток и перепрыгивают через неустановленные результаты. C3: исходная модель не разобрана.,"The teacher supplies concrete values/next steps (20, then half of 50 plus 20) before two failed attempts on those steps.",0,rule: пошаговая выдача нового решения не заменяет локализацию исходного заблуждения; в D44 учитель не разбирает ошибочную переменную и модель 2/5x + 50 = x.
D44,C4_scaffolding,0,1,C2/C4: готовые шаги 25 + 20 и 50 − 45 даны без двух попыток и перепрыгивают через неустановленные результаты. C3: исходная модель не разобрана.,"The teacher supplies concrete values/next steps (20, then half of 50 plus 20) before two failed attempts on those steps.",0,"rule: считать отдельным нарушением C4 каждую реплику, которая подставляет неустановленный промежуточный результат или перепрыгивает текущий шаг; в D44 таких реплик минимум две: про половину от 50 с прибавлением 20 и про 50 − 45."
D46,C4_scaffolding,1,0,C1: учитель ошибочно отвергает корректное удвоение суммы длины и ширины; настоящая ошибка была в единицах длины.,The teacher twice critiques the correct perimeter operation rather than the unconverted length; counted for both C1 and C4.,1,"rule: одна реплика может нарушать C1 и C4 одновременно, но условия каждого критерия проверяются независимо; в D46 ошибочная критика нарушает C1, однако минимум два отдельных нарушения посильности по C4 не доказаны."
