anon_id,pilot_id,flaw,expected_violation,C1_math,C1_math_source,C2_reveal,C2_reveal_source,C3_misconception,C3_misconception_source,C4_scaffolding,C4_scaffolding_source,C5_final_verdict,C5_final_verdict_source
R01,F18,ignore,C3_misconception,1,agreed,1,reconciled,1,agreed,1,agreed,1,agreed
R02,F19,math,C1_math,0,agreed,0,agreed,1,agreed,1,agreed,1,agreed
R03,N09,,,1,agreed,1,agreed,1,agreed,1,agreed,1,agreed
R04,F29,reveal,C2_reveal,1,agreed,0,agreed,1,agreed,0,agreed,1,agreed
R05,F06,ignore,C3_misconception,1,agreed,1,agreed,1,agreed,1,agreed,1,agreed
R06,N19,,,0,reconciled,1,agreed,1,agreed,1,agreed,1,agreed
R07,F35,math,C1_math,0,agreed,0,agreed,0,agreed,0,reconciled,0,agreed
R08,N14,,,1,agreed,1,agreed,1,agreed,1,agreed,1,agreed
R09,F25,reveal,C2_reveal,1,agreed,0,agreed,1,agreed,1,agreed,1,agreed
R10,N22,,,1,agreed,1,agreed,1,agreed,1,agreed,1,agreed
R11,F02,ignore,C3_misconception,1,agreed,1,agreed,0,agreed,1,agreed,1,agreed
R12,N03,,,1,agreed,1,agreed,1,agreed,1,agreed,1,agreed
R13,N05,,,1,agreed,1,agreed,1,agreed,1,agreed,1,agreed
R14,N30,,,1,agreed,1,agreed,1,agreed,1,agreed,1,agreed
R15,N31,,,1,agreed,1,agreed,1,agreed,1,agreed,1,agreed
R16,F20,overload,C4_scaffolding,1,agreed,1,agreed,1,agreed,0,agreed,1,agreed
R17,F27,math,C1_math,0,agreed,0,agreed,1,agreed,0,reconciled,0,agreed
R18,F12,overload,C4_scaffolding,1,agreed,1,reconciled,1,agreed,0,agreed,1,agreed
R19,F23,math,C1_math,0,agreed,0,agreed,1,agreed,0,reconciled,0,agreed
R20,N21,,,1,agreed,1,agreed,1,agreed,1,agreed,1,agreed
R21,N26,,,1,agreed,1,agreed,1,agreed,1,reconciled,1,agreed
R22,F26,ignore,C3_misconception,1,agreed,1,agreed,1,agreed,1,agreed,1,agreed
R23,N24,,,1,agreed,1,agreed,1,agreed,1,agreed,1,agreed
R24,N02,,,1,agreed,1,agreed,1,agreed,1,agreed,1,agreed
R25,N07,,,1,agreed,1,agreed,1,agreed,1,agreed,1,agreed
R26,N18,,,1,agreed,1,agreed,1,agreed,1,agreed,1,agreed
R27,N35,,,1,agreed,1,agreed,1,agreed,1,agreed,1,agreed
R28,F34,ignore,C3_misconception,1,agreed,1,agreed,1,agreed,1,agreed,1,agreed
R29,F01,reveal,C2_reveal,1,agreed,0,agreed,1,agreed,1,agreed,1,agreed
R30,F10,ignore,C3_misconception,1,agreed,1,agreed,1,agreed,1,agreed,1,agreed
R31,F16,overload,C4_scaffolding,1,agreed,0,agreed,1,agreed,0,agreed,1,agreed
R32,F07,math,C1_math,0,agreed,1,reconciled,0,agreed,1,reconciled,0,agreed
R33,N12,,,1,agreed,1,agreed,1,agreed,1,reconciled,1,agreed
R34,N28,,,1,agreed,1,agreed,1,agreed,1,agreed,1,agreed
R35,F28,overload,C4_scaffolding,1,agreed,0,agreed,1,agreed,0,agreed,1,agreed
R36,N34,,,1,agreed,1,agreed,1,agreed,1,agreed,1,agreed
R37,F14,ignore,C3_misconception,1,agreed,1,agreed,1,agreed,1,reconciled,1,agreed
R38,F22,ignore,C3_misconception,1,agreed,1,reconciled,1,agreed,1,agreed,1,agreed
R39,N32,,,1,agreed,1,agreed,1,agreed,1,agreed,1,agreed
R40,F08,overload,C4_scaffolding,1,agreed,1,agreed,1,agreed,1,reconciled,1,agreed
R41,N29,,,1,agreed,1,agreed,1,agreed,1,agreed,1,agreed
R42,N23,,,1,agreed,1,agreed,1,agreed,1,agreed,1,agreed
R43,F31,math,C1_math,0,agreed,0,agreed,1,agreed,0,reconciled,0,agreed
R44,N11,,,1,agreed,1,reconciled,1,agreed,1,agreed,1,agreed
R45,N25,,,1,agreed,1,agreed,1,agreed,1,agreed,1,agreed
R46,N27,,,1,reconciled,1,reconciled,1,agreed,1,agreed,1,agreed
R47,N16,,,1,agreed,1,agreed,1,agreed,1,agreed,1,agreed
R48,N15,,,1,agreed,1,agreed,1,agreed,1,agreed,1,agreed
R49,F33,reveal,C2_reveal,1,agreed,0,reconciled,1,agreed,1,agreed,1,agreed
R50,F09,reveal,C2_reveal,1,agreed,0,reconciled,1,agreed,1,agreed,1,agreed
R51,F17,reveal,C2_reveal,1,agreed,1,agreed,1,agreed,1,agreed,1,agreed
R52,N08,,,1,agreed,1,agreed,1,agreed,1,reconciled,1,agreed
R53,N10,,,1,agreed,1,agreed,1,agreed,1,agreed,1,agreed
R54,N20,,,1,agreed,1,agreed,1,agreed,1,agreed,1,agreed
R55,F11,math,C1_math,0,agreed,0,agreed,1,agreed,0,agreed,0,agreed
R56,F21,reveal,C2_reveal,1,agreed,0,agreed,1,agreed,0,agreed,1,agreed
R57,N17,,,1,agreed,1,agreed,1,agreed,1,agreed,1,agreed
R58,F32,overload,C4_scaffolding,1,agreed,1,agreed,1,agreed,1,reconciled,1,agreed
R59,N04,,,1,agreed,1,agreed,1,agreed,1,agreed,1,agreed
R60,F15,math,C1_math,0,agreed,1,agreed,0,agreed,1,agreed,0,agreed
R61,N01,,,1,agreed,1,agreed,1,agreed,1,agreed,1,agreed
R62,F03,math,C1_math,0,agreed,0,agreed,1,agreed,0,reconciled,0,agreed
R63,F04,overload,C4_scaffolding,1,agreed,0,agreed,1,agreed,0,agreed,1,agreed
R64,N33,,,1,agreed,1,agreed,1,agreed,1,agreed,1,agreed
R65,F30,ignore,C3_misconception,1,agreed,1,agreed,1,agreed,1,agreed,1,agreed
R66,N06,,,1,agreed,1,agreed,1,agreed,1,agreed,1,agreed
R67,N13,,,1,agreed,0,reconciled,1,agreed,1,agreed,1,agreed
R68,F24,overload,C4_scaffolding,1,agreed,0,agreed,1,agreed,0,agreed,1,agreed
R69,F05,reveal,C2_reveal,1,agreed,0,agreed,1,agreed,0,agreed,1,agreed
R70,F13,reveal,C2_reveal,1,agreed,0,agreed,1,agreed,1,agreed,1,agreed
