pilot_id,stratum,question,ground_truth,student_incorrect_solution,teacher_described_confusion,conversation,n_turns
N01,weak,"Утки Дженет несут по 16 яиц в день. Она ест три на завтрак каждое утро и печет кексы для своих друзей каждый день, используя четыре. Остаток она каждый день продает на фермерском рынке по 2 $ за свежее утиное яйцо. Сколько в долларах она зарабатывает на фермерском рынке каждый день?",18,"Сначала найду, сколько яиц осталось после завтрака: 16 - 3 = 13 яиц.
Значит, на рынок она берёт 13 яиц.
Теперь считаю деньги: 13 × 2 = 26.
Ответ: 26 долларов.","Ученик забыл вычесть 4 яйца, использованные для выпечки кексов, и учёл только яйца, съеденные на завтрак.","Teacher: Привет! Давай разберём твоё решение. Ты правильно вычел яйца на завтрак. А в задаче есть ещё какие-то траты яиц?|EOM|Student: Не знаю... А, ну там про кексы написано, что она печёт для друзей. Но разве это тоже траты яиц?|EOM|Teacher: Если она использует четыре яйца для кексов, можно ли их потом продать на рынке?|EOM|Student: Не знаю... Они же в кексы превратились, так что их уже нет? Значит... их тоже надо было вычесть?|EOM|Teacher: Да, всё верно! Если яйца пошли в кексы, их уже нет для продажи.

Сколько всего яиц она тратит каждый день на завтрак и кексы вместе? А сколько тогда остаётся для рынка?|EOM|Student: Значит... 3 + 4 = 7 яиц уходит на еду. Тогда 16 - 7 = 9 яиц остаётся для продажи?|EOM|Teacher: Отлично! Теперь посчитай: сколько денег она заработает, продав 9 яиц по 2 доллара каждое?|EOM|Student: 9 на 2... это будет 18? Значит, 18 долларов?|EOM|Teacher: Всё правильно! Ты нашёл ошибку — забыл вычесть яйца для кексов. Теперь всё сошлось: 9 яиц по 2 доллара — это 18 долларов.",9
N02,medium,Для халата требуется 2 мотка синей пряжи и вполовину меньше белой пряжи. Сколько всего мотков требуется?,3,"1) Синей пряжи нужно 2 мотка.
2) Белой пряжи нужно вполовину меньше. «Вполовину» — это дробь ½. Значит, чтобы найти белую пряжу, надо 2 разделить на ½. Получается: 2 : ½ = 2 · 2 = 4 мотка.
3) Складываем синюю и белую: 2 + 4 = 6 мотков.
Ответ: 6.","Ученик ошибочно делит количество синей пряжи на ½ вместо умножения на ½, неправильно интерпретируя «вполовину меньше» как деление на дробь.","Teacher: Давай разберёмся, где запутались. Скажи, пожалуйста: если белой пряжи нужно «вполовину меньше», чем синей, то белой пряжи должно получиться больше или меньше, чем синей?|EOM|Student: У меня в расчётах вышло больше — целых 4 мотка белой пряжи против 2 синих. Я тоже сначала подумал, что странно, ведь в условии написано «меньше», но ведь когда делишь на дробь ½, число увеличивается, это же математическое правило.|EOM|Teacher: Ты прав, что заметил нелогичность: ведь «меньше» не может дать число большее, чем было. Скажи, пожалуйста: если взять 2 мотка и взять от них ровно половину (½), сколько это будет?|EOM|Student: Половина от 2 мотков — это 1 моток. Но я не понимаю, при чём тут это, ведь в задаче речь про «вполовину меньше», а не про простую половину от числа…|EOM|Teacher: Если белой пряжи нужно «вполовину меньше», чем синей, значит, её должно быть в 2 раза меньше синей или в 2 раза больше?|EOM|Student: Ну, если «вполовину меньше», то должно быть меньше, значит, в 2 раза меньше. То есть 1 моток. Но тогда почему в моём решении получилось 4?.. А, подождите, я ведь делил на ½, а это же умножение на 2! Получается, я на самом деле нашёл «в 2 раза больше», а не «вполовину меньше». Вот оно что! Значит, белой пряжи нужно 1 моток, и всего 2 + 1 = 3 мотка.|EOM|Teacher: Всё верно! Ты отлично разобрался: «вполовину меньше» — это значит взять половину от числа (2 · ½ = 1), а не делить на половину. Итого 3 мотка.",7
N03,weak,Джош решает перепродать дом. Он покупает дом за 80 000 $ и вкладывает 50 000 $ в ремонт. Это повысило стоимость дома на 150 %. Какую выгоду он получил?,70000,"1. Сначала найду новую стоимость дома. Если цена выросла на 150%, значит новая цена составляет 250% от старой, то есть 80 000 × 2,5 = 200 000 долларов.
2. Теперь найду выгоду Джоша. Для этого вычту из новой цены то, что он заплатил при покупке: 200 000 - 80 000 = 120 000 долларов.
Ответ: 120 000","Забыл вычесть затраты на ремонт (50 000 $) из прибыли, учитывая только первоначальную стоимость покупки дома.","Teacher: Привет! Давай разберём твою задачу. Я посмотрел твоё решение — ты правильно нашёл новую стоимость дома, это здорово. Но есть один важный момент, который упустил.

Скажи, пожалуйста: когда Джош продаёт дом, какие деньги он уже потратил, кроме самой покупки?|EOM|Student: Ну... он потратил 50 000 на ремонт. Но я не понял, зачем это спрашивать, ведь ремонт же повысил цену дома?|EOM|Teacher: Хорошо, а когда ты считал выгоду, ты вычел только стоимость покупки. А куда делись те 50 000, что он вложил в ремонт? Они что, не его затраты?|EOM|Student: Ой, точно... я забыл, что ремонт тоже его деньги. Значит, надо из 200 000 вычесть и 80 000, и 50 000?|EOM|Teacher: Да, именно так! Посчитай, сколько получится в итоге?|EOM|Student: Значит... 200 000 минус 130 000... это получается 70 000 долларов?|EOM|Teacher: Всё верно! Молодец, что заметил, что ремонт — это тоже его деньги. Выгода — это всегда разница между тем, что получил, и всем, что потратил.",7
N04,medium,Джеймс решает бегать по 3 спринта 3 раза в неделю. Он пробегает 60 метров за каждый спринт. Сколько всего метров он пробегает в неделю?,540,"1) Надо узнать, сколько всего спринтов бегает Джеймс. У него 3 спринта и 3 раза в неделю, значит 3 + 3 = 6 спринтов.
2) Теперь умножу 6 спринтов на 60 метров: 6 × 60 = 360.
Ответ: 360 метров.",Для нахождения общего числа спринтов сложил количество спринтов за подход и количество подходов в неделю вместо умножения.,"Teacher: Привет! Давай разберём твоё решение. Скажи, пожалуйста: что в условии означает фраза «3 спринта 3 раза в неделю»? Как ты её понял?|EOM|Student: Я понял это так: у него есть 3 спринта за раз, и он выходит бегать 3 раза в неделю. Значит, чтобы узнать общее число спринтов, нужно сложить 3 и 3, получается 6 спринтов всего. Вроде логично — если он бегает трижды в неделю, то прибавляем три к трём спринтам, которые он пробегает за один раз.|EOM|Teacher: Давай медленно. Он выходит бегать 3 раза в неделю, и каждый раз пробегает по 3 спринта. Запиши сложением, сколько всего спринтов он делает за неделю?|EOM|Student: Ну, если он выходит 3 раза и каждый раз делает 3 спринта, то это 3 + 3 + 3 = 9 спринтов. А, стоп... то есть я зря складывал 3 + 3, когда надо было три тройки сложить? Или умножить 3 на 3? Тогда получится 9 спринтов, а не 6.|EOM|Teacher: Верно! Теперь у тебя 9 спринтов всего. А сколько метров он пробегает за каждый спринт? И как найти общее расстояние?|EOM|Student: За каждый спринт он пробегает 60 метров. Значит, 9 спринтов надо умножить на 60, и получится 540 метров в неделю. Теперь я понял: я ошибся, потому что вместо того чтобы сложить три раза по 3 спринта, я просто прибавил 3 к 3.|EOM|Teacher: Отлично! 9 спринтов по 60 метров — это действительно 540 метров. Ты правильно разобрался, почему сложение 3 + 3 было ошибкой: нужно было найти общее количество спринтов за все тренировки, а не складывать разные величины.",7
N05,weak,"Каждый день Венди скармливает каждой из своих кур по три чашки смешанного корма для кур, содержащего семена, мучных червей и овощи, для поддержания их здоровья. Она дает курам корм в три отдельных приема пищи. Утром она дает своей стае кур 15 чашек корма. Днем она дает своим курам еще 25 чашек корма. Сколько чашек корма ей нужно дать своим курам в последний прием пищи за день, если размер стаи Венди — 20 кур?",20,"Сначала найду, сколько всего корма нужно всем курам за день. У Венди 20 кур, и каждая курица ест 3 чашки корма в день. Значит, всего нужно: 20 × 3 = 60 чашек корма.

Утром она дала 15 чашек, днём — 25 чашек. Вместе это: 15 + 25 = 40 чашек.

Теперь вычту: 60 − 40 = 20 чашек. Но у меня три приёма пищи, а я посчитала только два (утро и день), значит вечером тоже самое, что и утром — 15 чашек. Или подожду, раз три приёма, то надо разделить: 60 ÷ 3 = 20, но я уже дала 40, так что вечером: 60 − 40 = 20. Хотя нет, в задаче же сказано, что в три приёма, но сколько в каждый — не сказано. Ладно, посчитаю по-другому: раз три приёма и всего 60 чашек, то в каждый приём по 20 чашек. Утром дала 15, значит не хватило 5, днём дала 25 — перебор на 5. Значит вечером надо дать 20 − 5 = 15? Или 20 + 5 = 25? 

Подумаю ещё раз. Может, размер стаи не важен? Утро 15 + день 25 = 40. Три приёма, значит вечером столько же, сколько в среднем: 40 ÷ 2 = 20, и ещё один такой же... Нет. Просто вычту: 15 + 25 = 40, а всего-то три приёма по сколько-то... А, поняла! Раз три приёма и два уже прошли, то вечером столько же, сколько утром и днём вместе, поделённое на что-то... 

Ладно, проще: всего 60 чашек. Утро + день = 40. Значит вечер: 60 − 40 = 20. Ответ: 20.","Ученик случайно получает правильный числовой ответ (20), но через хаотичные рассуждения с ошибочной логикой; на самом деле типичная ошибка — игнорирование условия «3 чашки на курицу в день» и попытка использовать только данные про утро и день, предполагая, что три приёма равны между собой (60 ÷ 3 = 20), что математически совпадает с правильным ответом, но логически неверно, так как распределение по приёмам неравномерно.","Teacher: Привет! Давай разберём твою задачу. Я вижу, что в итоге ты получила правильный ответ 20, но путь был запутанный. Давай разберём, где ты запуталась.

Скажи, пожалуйста: зачем ты в какой-то момент решила, что вечером должно быть столько же, сколько утром — 15 чашек? Что тебя на это натолкнуло?|EOM|Student: Я подумала, что раз три приёма, то первый и последний должны быть одинаковые, типа симметрия... Утром 15, значит и вечером 15. Или я думала, что если разделить 60 на три, то по 20, но раз утром меньше дали, то вечером тоже надо меньше... Я запуталась, не знаю точно почему так решила.|EOM|Teacher: Проверь условие задачи — там сказано, что все три приёма пищи должны быть одинаковыми или симметричными?|EOM|Student: Нет, там не написано, что они одинаковые... Но раз три приёма, я думала, что должно быть поровну. Хотя утром 15, а днём 25 — уже не поровну. Значит, не обязательно равные?|EOM|Teacher: Верно, не обязательно. Теперь скажи: если всего нужно 60 чашек, а ты уже дала 40 чашек (15 утром и 25 днём), сколько осталось дать на вечер?|EOM|Student: Значит... 60 минус 40... это 20? Да, 20 чашек осталось дать.|EOM|Teacher: Всё верно! Ответ — 20 чашек. Ты правильно посчитала: всего нужно 60 чашек, уже дала 40, значит осталось 20 на вечер.",7
N06,medium,"Кайлар пошел в магазин, чтобы купить стаканы для своей новой квартиры. Один стакан стоит 5 $, но каждый второй стакан стоит всего лишь 60 % от цены. Кайлар хочет купить 16 стаканов. Сколько он должен за них заплатить?",64,"Один стакан стоит 5$.
60% от цены — это скидка на второй стакан. Найду её: 5 · 0,6 = 3$.
Значит, каждый второй стакан стоит 5 − 3 = 2$.
Всего 16 стаканов, значит половина (8 штук) по полной цене, а половина (8 штук) со скидкой.
Считаю: 8 · 5 = 40$ (обычные).
8 · 2 = 16$ (со скидкой).
Всего: 40 + 16 = 56$.
Ответ: 56.","Ученик спутал 'стоит 60% от цены' (итоговая цена 3$) со 'скидкой 60%' (итоговая цена 2$), неправильно вычислив стоимость дешёвых стаканов как 40% от исходной цены вместо 60%.","Teacher: Привет! Давай разберём твоё решение. Ты написал, что 60 % от цены — это скидка 3 $. Но внимательно посмотри на условие: там сказано, что каждый второй стакан «стоит всего лишь 60 % от цены». Что означает эта фраза — во сколько долларов обходится каждый второй стакан?|EOM|Student: Ну, 60 % от 5 $ — это 3 $, значит, каждый второй стакан стоит на 3 $ дешевле, то есть 2 $. Потому что если он стоит всего лишь 60 % от цены, то это же скидка 60 %, верно?|EOM|Teacher: Ты уверен, что «стоит 60 % от цены» и «скидка 60 %» — это одно и то же?|EOM|Student: Ну... если стакан стоит 60 % от цены, значит он дешевле на 60 %, разве нет? Или... подождите, если цена 100 %, а он стоит 60 %, то это же скидка 40 %? Теперь я запутался.|EOM|Teacher: Давай разберёмся. Если стакан стоит 60 % от 5 $, то сколько это в долларах? И какая тогда получается скидка — 60 % или 40 %?|EOM|Student: А, понял! 60 % от 5 $ — это 3 $, значит каждый второй стакан стоит 3 $, а не 2 $. И скидка получается не 60 %, а 40 %, потому что 5 $ − 3 $ = 2 $, а 2 $ — это как раз 40 % от 5 $. Я перепутал стоимость со скидкой.|EOM|Teacher: Отлично, ты разобрался! Теперь посчитай заново: сколько заплатит Кайлар за 16 стаканов, если 8 из них по 5 $, а 8 по 3 $?|EOM|Student: Получается: 8 · 5 = 40 долларов за обычные, и 8 · 3 = 24 доллара за со скидкой. Всего 40 + 24 = 64 доллара. Значит, правильный ответ 64 $, а не 56 $.|EOM|Teacher: Всё верно! Ты правильно понял, что «стоит 60 % от цены» означает цену 3 $, а не скидку 60 %. Ответ 64 $.",9
N07,weak,"В Тулузе в два раза больше овец, чем в Чарльстоне. В Чарльстоне в 4 раза больше овец, чем в Сиэтле. Сколько овец в Тулузе, Чарльстоне и Сиэтле вместе взятых, если в Сиэтле 20 овец?",260,"Сначала найду, сколько овец в Чарльстоне. В Чарльстоне в 4 раза больше овец, чем в Сиэтле, значит:
20 × 4 = 80 (овец в Чарльстоне)

Теперь найду, сколько овец в Тулузе. В Тулузе в два раза больше овец, чем в Чарльстоне, значит:
20 × 2 = 40 (овец в Тулузе)

Теперь сложу все овцы вместе:
20 + 80 + 40 = 140

Ответ: 140 овец.","Ученик использовал количество овец в Сиэтле (20) как базу для расчёта овец в Тулузе, вместо того чтобы использовать найденное количество овец в Чарльстоне (80), нарушив цепочку зависимостей между городами.","Teacher: Привет! Давай разберём твоё решение. С Чарльстоном ты всё сделал правильно: действительно, там 80 овец.

А теперь посмотри на второй шаг. Ты пишешь, что в Тулузе в два раза больше овец, чем в Чарльстоне, но при этом умножаешь 20 на 2. Почему ты взял именно число 20, а не 80?|EOM|Student: А, ну... потому что 20 это в Сиэтле, а я думал, раз в Тулузе в 2 раза больше, чем в Чарльстоне, а в Чарльстоне в 4 раза больше, чем в Сиэтле... то как-то всё от Сиэтле идёт, да? Я запутался.

Так 80 надо было умножить? 80 × 2 = 160? Не знаю, правильно ли это...|EOM|Teacher: Да, теперь правильно: в Тулузе 160 овец. Сложи овцы из всех трёх городов. Какой получится ответ?|EOM|Student: 20 + 80 + 160... получается 260? Я надеюсь, я не ошибся в сложении...|EOM|Teacher: Да, всё верно! Теперь ты правильно нашёл количество овец во всех городах. Ответ 260 — правильный.",5
N08,medium,"Карла загружает файл размером 200 ГБ. Обычно она может загружать 2 ГБ в минуту, но на 40 % загрузки Windows делает принудительную перезагрузку для установки обновлений, которая занимает 20 минут. После этого Карле приходится перезапустить загрузку сначала. Сколько времени занимает загрузка файла?",160,"Сначала найду, сколько составляет 40% от файла:
200 ГБ · 0,4 = 80 ГБ

Считаю время загрузки этой части:
80 ГБ : 2 ГБ/мин = 40 минут

Прибавляю время принудительной перезагрузки:
40 мин + 20 мин = 60 минут

Теперь считаю оставшуюся часть файла (то, что не загрузилось):
200 ГБ − 80 ГБ = 120 ГБ

Время для догрузки оставшихся 120 ГБ:
120 ГБ : 2 ГБ/мин = 60 минут

Общее время:
60 мин + 60 мин = 120 минут

Ответ: 120 минут.","Ученик не учёл, что после перезагрузки загрузка начинается с самого начала (с 0%), а не продолжается с прерванного места (с 40%).","Teacher: Давай проверим одну важную деталь в условии. Что означает фраза «перезапустить загрузку сначала» — с какого момента начнётся закачка файла после перезагрузки?|EOM|Student: Ну, она же уже загрузила 80 ГБ, значит эта часть сохранилась на диске, и после перезагрузки она просто продолжит с того же места — догрузит оставшиеся 120 ГБ. «Сначала» — это значит заново запустить процесс загрузки, а не качать весь файл с нуля, ведь 80 ГБ уже загружены и их не надо терять.|EOM|Teacher: Если бы она продолжила с 80 ГБ, почему в условии написано именно «сначала», а не «продолжить» или «возобновить»? Что обычно означает слово «сначала» в контексте начала процесса?|EOM|Student: Хм, ну «сначала» обычно значит с нуля… Значит, те 80 ГБ не сохранились, и она начинает заново? Но тогда во второй раз при достижении 40% снова будет перезагрузка? Или обновление уже установилось, и она догружает спокойно?|EOM|Teacher: Ты прав, она начинает с нуля. Зачем Windows перезагружается? Произойдёт ли это дважды?|EOM|Student: Windows перезагружается, чтобы установить обновления. Наверное, второй раз не произойдёт, ведь система уже обновилась, так что она просто начнёт загрузку заново с нуля, но дойдёт до конца без остановок.|EOM|Teacher: Хорошо, разберём по шагам. Сколько времени занимает первая попытка загрузки до перезагрузки?|EOM|Student: 40 минут на загрузку 80 ГБ, потому что 80 ГБ делить на 2 ГБ в минуту — это 40 минут. А потом ещё 20 минут сама перезагрузка идёт.|EOM|Teacher: А сколько времени занимает вторая попытка загрузки файла после перезагрузки?|EOM|Student: Значит, она качает весь файл заново — 200 ГБ. Это 200 делить на 2, получается 100 минут. И перезагрузки больше не будет, потому что Windows уже обновилась.|EOM|Teacher: А теперь сложи всё время вместе. Сколько всего минут ушло на загрузку файла?|EOM|Student: Получается 60 минут первая попытка плюс 100 минут вторая... Итого 160 минут. 

Теперь понятно — во второй раз она начинает с нуля, а не догружает остаток, так что 120 минут было неправильно. Значит, правильный ответ 160 минут.|EOM|Teacher: Верно! Ты правильно понял, что после принудительной перезагрузки загрузка начинается с самого начала, а не с 80 ГБ. Ответ 160 минут.",13
N09,weak,"Джон едет 3 часа со скоростью 60 миль в час, а затем разворачивается, так как понимает, что забыл дома кое-что очень важное. Он пытается добраться до дома за 4 часа, но проводит первые 2 часа в пробке. Следующие полчаса он едет со скоростью 30 миль в час, прежде чем может ехать оставшееся из 4 часов время со скоростью 80 миль в час. Как далеко от дома он находится по истечении этих 4 часов?",45,"1) Сначала найду, как далеко уехал Джон от дома: 3 × 60 = 180 миль.

2) Теперь считаю, сколько он проехал назад к дому за 4 часа:
   - Первые 2 часа в пробке: 2 × 0 = 0 миль
   - Следующие полчаса (0,5 ч) со скоростью 30 миль/час: 0,5 × 30 = 15 миль
   - Оставшееся время: 4 − 2 − 0,5 = 1,5 часа со скоростью 80 миль/час: 1,5 × 80 = 120 миль

3) Сколько всего он проехал назад: 0 + 15 + 120 = 135 миль.

Значит, он находится в 135 милях от дома.

Ответ: 135.","Ученик перепутал пройденный путь назад с оставшимся расстоянием до дома, не вычтя 135 миль из начальных 180 миль.","Teacher: Привет! Давай разберём твою задачу. Я посмотрел твоё решение — хорошо, что ты разбил на этапы. Но ответ получился неправильный. Давай найдём, где подвох.

Скажи мне: Джон едет **к дому** или **от дома** в эти 4 часа?|EOM|Student: Он едет **к дому**, потому что развернулся. 

Но я посчитал, что он проехал назад 135 миль... Значит, он в 135 милях от дома? Или я что-то путаю?|EOM|Teacher: Отлично, ты правильно понял направление. Теперь вопрос: если он сначала оказался в 180 милях от дома, а потом проехал 135 миль **в сторону дома**, он стал ближе к дому или дальше?|EOM|Student: Ближе, наверное... ведь он едет к дому. Но я посчитал 135 миль, а это меньше 180, значит, он ближе, чем был? Или я что-то не так понял?|EOM|Teacher: Ты всё правильно понял! Если он был в 180 милях от дома и проехал к дому 135 миль, то сколько миль осталось до дома?|EOM|Student: Значит... 45 миль осталось? Но я же считал, что 135... теперь запутался.|EOM|Teacher: Да, правильно — 45 миль! Твоя ошибка была в том, что ты принял пройденный путь назад (135 миль) за расстояние до дома. А на самом деле нужно было вычесть: 180 − 135 = 45 миль от дома.",7
N10,medium,"Ставка Элизы в час за первые 40 часов работы каждую неделю составляет 10 $. Она также получает плату за сверхурочную работу в размере 1,2 ее обычной почасовой ставки. Если на этой неделе Элиза работала 45 часов, сколько она заработала на этой неделе?",460,"1) Найду оплату за обычные часы: 40 × 10 = 400 $.
2) Найду количество сверхурочных часов: 45 − 40 = 5 часов.
3) Определю ставку за сверхурочную работу: так как она получает в 1,2 раза больше, чем 10 $, то 10 + 1,2 = 11,2 $ за час.
4) Посчитаю оплату за сверхурочные: 5 × 11,2 = 56 $.
5) Сложу оба вида оплаты: 400 + 56 = 456 $.

Ответ: 456","Ученик неверно истолковал «в 1,2 раза» как «прибавить 1,2 доллара к ставке», сложив 1,2 с базовой ставкой вместо умножения 10 на 1,2.","Teacher: Привет! Первые два шага ты сделал верно: 400 $ за обычные часы и 5 часов переработки. Давай посмотрим на третий шаг. Что значит «в 1,2 раза больше обычной ставки» — как это математически записать?|EOM|Student: Я думал, что «в 1,2 раза больше» значит прибавить 1,2 к 10, то есть 11,2 доллара. Ведь если бы надо было умножать, сказали бы «составляет 1,2 ставки», а «больше» явно намекает на сложение, разве нет?|EOM|Teacher: Хорошо, давай проверим на простом числе. Если бы сверхурочная ставка была в 2 раза больше обычной, сколько это было бы — 12 $ или 20 $?|EOM|Student: Ой, точно… Если «в 2 раза больше» — это 20 долларов, значит надо умножать 10 на 2, а не прибавлять. Тогда «в 1,2 раза больше» — это 10 × 1,2 = 12 долларов за час переработки. Значит, я зря прибавил 1,2 к десяти.|EOM|Teacher: Правильно! Теперь посчитай оплату за сверхурочные часы с этой ставкой.|EOM|Student: Значит, 5 часов × 12 $ = 60 $. И тогда всего за неделю выходит 400 + 60 = 460 $. 

Спасибо, что подсказали — я правда думал, что «в 1,2 раза больше» значит прибавить 1,2, а не умножить. Теперь понял разницу.|EOM|Teacher: Всё верно! Теперь у тебя правильный ответ — 460 $. Главное запомнить: «в X раз больше» всегда означает умножение, а не сложение.",7
N11,weak,"У новой программы было 60 загрузок за первый месяц. Количество загрузок за второй месяц было в три раза больше, чем загрузок за первый месяц, но затем снизилось на 30 % в третьем месяце. Сколько всего загрузок было у программы за три месяца?",366,"1) За первый месяц было 60 загрузок.
2) За второй месяц в три раза больше: 60 × 3 = 180 загрузок.
3) За третий месяц снизилось на 30: 180 − 30 = 150 загрузок.
4) Складываю все месяца: 60 + 180 + 150 = 390 загрузок.
Ответ: 390","Ученик воспринимает словосочетание ""снизилось на 30%"" как вычитание числа 30, а не как вычисление 30 процентов от предыдущего значения (180 × 0,3 = 54) и вычитание полученной величины.","Teacher: Привет! Давай разберем твое решение. Первые два шага ты сделал верно: 60 и 180 загрузок. А теперь посмотри на третий шаг. Что означает в условии «снизилось на 30%» — на 30 чего?|EOM|Student: Не знаю… на 30 процентов? Я просто думал, что это как 30 штук, и отнял.|EOM|Teacher: Правильно, это проценты, а не штуки. Если снизилось на 30%, то от какого числа нужно взять эти 30%?|EOM|Student: Наверное, от 180? Потому что речь про третий месяц, и он снижается от второго... Но я не уверен.|EOM|Teacher: Да, всё верно — от 180. Теперь подумай: как найти 30% от 180? Как ты думаешь, сколько это будет?|EOM|Student: Наверное, 60? Потому что 30% это же как треть от 100, а треть от 180... хотя нет, наверное я путаю. Может быть, 54?|EOM|Teacher: Да, 54 — это правильно! 30% от 180 действительно 54. 

Теперь важный момент: если загрузки снизились на 30% (то есть на 54 штуки), то сколько их осталось? Какое число пойдет в ответ за третий месяц — 54 или другое?|EOM|Student: Значит... надо отнять 54 от 180? Получится 126? Я не уверен, правильно ли я понял.|EOM|Teacher: Да, всё верно! 180 − 54 = 126 загрузок за третий месяц. 

Теперь сложи все три месяца вместе: 60, 180 и 126. Сколько получится всего?|EOM|Student: 60 плюс 180 будет 240... плюс 126... получается 366? Я правильно сложил?|EOM|Teacher: Да, совершенно верно! Всего 366 загрузок. 

Главная ошибка была в том, что ты принял 30% за 30 штук, а проценты нужно было перевести в конкретное число от 180. Молодец, что разобрался!",11
N12,medium,"Тула пошла в пекарню и купила различные виды выпечки. Она купила 3 дюжины пончиков, которые стоили по 68 $ за дюжину, 2 дюжины мини-кексов, которые стоили по 80 $ за дюжину, и 6 дюжин мини-чизкейков по 55 $ за дюжину. Какова была общая стоимость?",694,"Сначала переведу дюжины в штуки, чтобы узнать сколько всего выпечки купила Тула:
1) Пончики: 3 дюжины = 3 × 12 = 36 штук. Стоимость: 36 × 68 = 2448 $
2) Мини-кексы: 2 дюжины = 2 × 12 = 24 штуки. Стоимость: 24 × 80 = 1920 $
3) Мини-чизкейки: 6 дюжин = 6 × 12 = 72 штуки. Стоимость: 72 × 55 = 3960 $
Теперь сложу все стоимости: 2448 + 1920 + 3960 = 8328 $","Ученик перепутал цену за дюжину с ценой за штуку, переведя количество дюжин в отдельные изделия, но оставив цену за дюжину, что завысило итоговую сумму в 12 раз.","Teacher: Привет! Давай разберёмся, где подвох. 

Скажи, пожалуйста, что в условии означает фраза «68 $ за дюжину»?|EOM|Student: Это значит, что одна дюжина, то есть 12 штук, стоит 68 долларов. Я перевёл всё в штуки, чтобы посчитать общую стоимость каждого вида выпечки отдельно.|EOM|Teacher: Хорошо, ты перевёл всё в штуки. Скажи, пожалуйста: если дюжина (12 штук) стоит 68 $, то сколько стоит одна штука?|EOM|Student: Одна штука стоит 68 разделить на 12, то есть примерно 5 долларов 67 центов. Но я ведь перевёл всё в штуки, чтобы удобнее считать, поэтому умножил количество штук на цену... хотя стоп, если одна штука стоит около 5,67$, то 36 штуок должны стоить гораздо меньше, чем 2448$... Ой, кажется, я понял, где накосячил.|EOM|Teacher: Отлично, ты сам увидел несоответствие! 

Скажи, пожалуйста: в чём именно была твоя ошибка, и как нужно было считать стоимость пончиков?|EOM|Student: Я ошибся в том, что умножил количество штук на цену за дюжину. Надо было либо 3 дюжины сразу умножить на 68 долларов, либо сначала найти цену одного пончика (68:12), а потом умножить на 36. Получается 204 доллара за пончики, а не 2448.|EOM|Teacher: Правильно! Ты понял, что нельзя смешивать единицы: количество штук надо умножать на цену за штуку, а количество дюжин — на цену за дюжину.

А как теперь посчитаешь стоимость мини-кексов и чизкейков? Сколько получится всего?|EOM|Student: Теперь я понял: надо дюжины умножать на цену за дюжину. Получается: кексы — 2 × 80 = 160 долларов, чизкейки — 6 × 55 = 330 долларов. Всего вместе с пончиками: 204 + 160 + 330 = 694 доллара.|EOM|Teacher: Верно! Теперь всё сходится — ты правильно посчитал, умножая дюжины на цену за дюжину. Молодец, что сам нашёл и исправил ошибку!",9
N13,weak,"Карлос сажает лимонное дерево. Посадить дерево будет стоить 90 $. Каждый год на нем будет вырастать по 7 лимонов, которые он может продать по 1,5 $ за каждый. Поливать и удобрять дерево стоит 3 $ в год. Сколько лет пройдет, прежде чем он начнет зарабатывать деньги на лимонном дереве?",13,"Сначала я посчитал, сколько денег приносит дерево за год: 7 × 1,5 = 10,5 долларов.
Потом вычел расходы на уход: 10,5 − 3 = 7,5 долларов чистой прибыли в год.
Теперь надо узнать, за сколько лет эта прибыль покроет затраты на посадку: 90 ÷ 7,5 = 12.
Значит, через 12 лет он начнёт зарабатывать деньги.

Ответ: 12","Ученик спутал точку безубыточности (окупаемости затрат) с началом заработка, не понимая, что на 12-м году накопленная прибыль равна нулю (только покрыты вложения), а положительный доход начинается только с 13-го года.","Teacher: Давай проверим твоё решение. Ты получил 12 лет. Скажи, пожалуйста, сколько денег суммарно заработает Карлос через 12 лет, если каждый год он получает 7,5 долларов чистой прибыли?|EOM|Student: Получается 90 долларов? Это 12 умножить на 7,5... Хм, это ровно столько, сколько он потратил на посадку.|EOM|Teacher: Итак, через 12 лет он заработает 90 долларов чистой прибыли. А сколько денег у него останется после того, как он вернёт себе 90 долларов, потраченных на посадку?|EOM|Student: Ну... если 90 заработал и 90 отнять... то 0? Ничего не останется? 

Подождите, значит он просто окупится, но не заработает? Значит, надо больше 12 лет?|EOM|Teacher: Верно, через 12 лет он только выходит в ноль. А сколько денег у него будет после 13 лет?|EOM|Student: 7,5 долларов? Потому что в 13-й год он получит ещё одну прибыль... Но я не уверен.|EOM|Teacher: Да, всё правильно! После 13 лет у него на руках будет 7,5 долларов чистой прибыли. Значит, какой ответ на вопрос задачи?|EOM|Student: Значит... 13 лет? Потому что через 12 он только отбил затраты, а через 13 уже будет в плюсе на 7,5 долларов? Значит, именно тогда он начнёт зарабатывать?|EOM|Teacher: Всё верно! Через 12 лет он только окупит затраты, а через 13 — впервые получит реальную прибыль. Молодец, что сам увидел эту разницу!",9
N14,medium,"Мелани — коммивояжер. Она продала третью часть своих пылесосов в зеленом доме, еще 2 красному дому, и половину от того, что осталось, в оранжевом доме. Если у Мелани осталось 5 пылесосов, сколько у нее было вначале?",18,"Решаю задачу с конца, начиная с того, что осталось.

1. После продажи в оранжевом доме у Мелани осталось 5 пылесосов. Так как она продала половину от того, что было, значит до этого момента у неё было в 2 раза больше: 5 × 2 = 10 пылесосов.

2. Эти 10 пылесосов остались после продажи в зелёном доме. В зелёном доме она продала третью часть от всех пылесосов, значит эти 10 составляют 2/3 от начального количества.

3. Найду одну треть: 10 ÷ 2 = 5 пылесосов.

4. Складываю: 10 + 5 = 15 пылесосов было вначале.

Ответ: 15","Ученик забыл учесть 2 пылесоса, проданные красному дому, при обратном вычислении количества пылесосов до визита в оранжевый дом (пропустил шаг прибавления этих двух пылесосов к числу 10).","Teacher: Давай проверим твое решение. Ты написал, что после зелёного дома осталось 10 пылесосов. Но что произошло между зелёным и оранжевым домами? Какие ещё действия были с пылесосами?|EOM|Student: Ой, точно, красный дом же был — ещё 2 пылесоса. Значит, те 10 пылесосов до оранжевого дома — это уже после красного, и до него, то есть после зелёного, должно было быть 12?|EOM|Teacher: Верно! После зелёного дома было 12 пылесосов. Как теперь найдёшь, сколько было вначале?|EOM|Student: Ну, раз после зелёного дома осталось 12, и это две трети от всех пылесосов, то одна треть — это 6. Значит, в начале было 18.

Проверю: 18 минус треть (6) будет 12, минус 2 красному дому будет 10, половина от 10 — 5 оранжевому, и как раз остаётся 5. Всё верно, спасибо!|EOM|Teacher: Отлично! Ты правильно исправил ошибку и нашёл верный ответ. Проверка подтверждает, что 18 — это правильное начальное количество.",5
N15,weak,"В танцевальном классе из 20 учеников 20 % записались на современные танцы, 25 % оставшихся записались на джазовые танцы, а остальные записались на хип-хоп танцы. Какой процент от всех учеников записались на хип-хоп танцы?",60,"1) Найду, сколько учеников записалось на современные танцы:
20% от 20 — это 1/5 от 20, значит 20 : 5 = 4 (ученика).

2) Найду, сколько записалось на джазовые танцы:
25% от 20 — это 1/4 от 20, значит 20 : 4 = 5 (учеников).

3) Остальных учеников на хип-хоп:
20 − 4 − 5 = 11 (учеников).

4) Найду, какой это процент от всех учеников:
11 · 100 : 20 = 55%.

Ответ: 55%.","Ученик взял 25% от общего числа учеников, а не от оставшихся после распределения на современные танцы.","Teacher: Привет! Первый шаг у тебя получился верно: 20% от 20 действительно 4 ученика.

А теперь внимательно посмотри на условие задачи. Когда ты считал учеников на джазовые танцы, от какого количества людей ты брал 25% — от всех 20 или от тех, кто остался после первого набора?|EOM|Student: Я брал 25% от всех 20... А в условии написано «оставшихся»? Значит, надо было от 16?|EOM|Teacher: Да, именно так! 25% нужно было брать не от всех 20, а от оставшихся после набора на современные танцы.

Сколько же учеников тогда записалось на джазовые танцы?|EOM|Student: Значит, 25% от 16... это 16 поделить на 4... получается 4 ученика?|EOM|Teacher: Верно! Теперь 4 ученика на джазовые танцы.

Сколько учеников осталось для хип-хопа?|EOM|Student: Значит, 20 − 4 − 4 = 12. Осталось 12 учеников?|EOM|Teacher: Правильно! Осталось 12 учеников.

Какой процент от всех 20 учеников составляют эти 12?|EOM|Student: Эм... 12 умножить на 100 и поделить на 20... получается 1200 делить на 20... это 60? Значит, 60%?|EOM|Teacher: Всё верно! Теперь ответ правильный: 60% учеников записались на хип-хоп.",9
N16,medium,"Коммерсант хочет сделать выбор между 2 планами закупок: ювелирные украшения на 5000 $ или электронные гаджеты на 8000 $. Его финансовый консультант предполагает, что рынок ювелирных украшений вырастет на 2,5 %, тогда как рынок электронных гаджетов вырастет на 1,2 % в том же месяце. Если коммерсант, делая выбор, хочет максимально увеличить прибыль в конце месяца, какую прибыль это составит?",125,"Сначала найду прибыль от ювелирных украшений:
5000 * 2,5% = 5000 * 0,025 = 125 долларов.

Теперь найду прибыль от электронных гаджетов:
8000 * 1,2% = 8000 * 0,012 = 96 долларов.

Чтобы прибыль была максимально большой, нужно сложить деньги, полученные с обоих планов:
125 + 96 = 221 доллар.

Ответ: 221.","Ученик не понимает, что выбор между планами взаимоисключающий (либо одно, либо другое), и пытается максимизировать прибыль, суммируя прибыль от обоих вариантов вместо выбора одного наиболее выгодного.","Teacher: Привет! Давай разберём твоё решение. 

Скажи, пожалуйста, что означает в условии фраза «сделать выбор между 2 планами»? Может ли коммерсант реализовать оба плана одновременно?|EOM|Student: Ну, раз он хочет максимизировать прибыль, то логично взять оба плана и получить деньги с обоих рынков. Или ты хочешь сказать, что бюджет позволяет купить только что-то одно?|EOM|Teacher: Если нужно сделать **выбор между** двумя планами, можно ли одновременно реализовать оба? Подумай, что означает слово «выбор» в обычной жизни.|EOM|Student: Ой, точно... если нужно сделать выбор, значит можно реализовать только один план, а не оба сразу. Тогда надо просто сравнить 125 и 96 долларов и выбрать то, что больше?|EOM|Teacher: Да, всё верно! Нужно выбрать один план с максимальной прибылью.

Так какая прибыль получится в итоге?|EOM|Student: Значит, нужно выбрать ювелирные украшения, потому что 125 долларов больше, чем 96. Итоговая прибыль составит 125 долларов.|EOM|Teacher: Отлично! Ты правильно понял задачу: при выборе между двумя вариантами нужно взять тот, который даёт большую прибыль, а не складывать их вместе. Прибыль от ювелирных украшений действительно составит 125 долларов, что больше, чем 96 долларов от гаджетов.",7
N17,weak,"Два поезда выезжают из Сан-Рафаэля одновременно. Они начинают двигаться на запад, оба проезжая 80 миль. На следующий день они движутся на север, преодолевая 150 миль. Какое расстояние прошел каждый поезд за эти два дня?",230,"1) За первый день один поезд проехал 80 миль.
2) За второй день один поезд проехал 150 миль.
3) За два дня один поезд проехал 80 + 150 = 230 миль.
4) Так как поездов два, то чтобы узнать общее расстояние, умножаем на 2: 230 × 2 = 460 миль.
Ответ: 460 миль.","Ученик верно нашёл расстояние, пройденное одним поездом, но затем умножил его на 2, ошибочно посчитав, что нужно найти суммарный путь обоих поездов (двойной учёт).","Teacher: Привет! Давай разберём твоё решение. Внимательно прочитай вопрос в конце задачи. Что нужно найти — расстояние, которое прошёл каждый поезд, или общее расстояние для двух поездов вместе?|EOM|Student: Написано «каждый поезд»... но я подумал, что раз поезда два, то надо общее расстояние для обоих найти. Разве это неправильно?|EOM|Teacher: Ты правильно заметил слово «каждый». Если каждый поезд прошёл 230 миль, что тогда означает число 460 — расстояние каждого поезда или что-то другое?|EOM|Student: 460... это вместе они столько проехали? А каждый по 230? Тогда зачем я умножал... не понимаю.|EOM|Teacher: Ты уже почти всё понял! Если задача спрашивает про каждый поезд, то какое число является ответом — 230 или 460?|EOM|Student: Значит... 230? Потому что 460 — это если сложить оба поезда, а про каждый отдельно... значит 230?|EOM|Teacher: Верно! Ты умножил на 2 зря — задача спрашивает про каждый поезд в отдельности, а не про сумму. Каждый прошёл 230 миль.",7
N18,medium,"Джилл платят 20 $ в час за работу учителем и 30 $ в час за работу тренером по чирлидингу. Если она работает 50 недель в году, 35 часов в неделю учителем и 15 часов в неделю тренером, какой у нее годовой оклад?",57500,"1) Сначала найду, сколько Джилл зарабатывает за неделю учителем:
20 · 35 = 700 ($)
2) Потом найду, сколько она зарабатывает тренером за неделю:
30 · 15 = 450 ($)
3) Складываю оба заработка, чтобы узнать общую сумму за одну неделю:
700 + 450 = 1150 ($)
4) Теперь умножаю на 50 недель:
1150 · 50. Я считаю столбиком: 1150 · 5 = 5750. Значит, ответ 5750 ($).
Ответ: 5750",Арифметический сбой при умножении на круглое число: ученик умножил 1150 на 5 вместо 50 и забыл дописать ноль в конце результата.,"Teacher: Привет! Первые три шага у тебя получились абсолютно верно. Давай присмотримся к последнему действию: ты умножаешь 1150 на 50, но считаешь это как 1150 · 5. Как ты думаешь, чем умножение на 50 отличается от умножения на 5?|EOM|Student: Ну, 50 — это же 5 десятков, поэтому я и умножил на 5. Получилось 5750, и мне кажется, что всё правильно. Разве нужно было ещё что-то делать?|EOM|Teacher: Давай проверим на простом числе. Сколько будет 2 · 50? А сколько 2 · 5? Чем отличаются эти результаты?|EOM|Student: 2·50 будет 100, а 2·5 — 10. Получается, разница в десять раз... Ой, точно! Значит, мне надо было добавить ноль? То есть ответ 57500?|EOM|Teacher: Всё верно! Когда умножаешь на 50, это то же самое, что умножить на 5 и на 10, поэтому нужно было добавить ноль в конце. Ответ действительно 57 500 долларов.",5
N19,weak,Клер делает омлет из 3 яиц каждое утро на завтрак. Сколько дюжин яиц она съест за 4 недели?,7,"1) Сначала узнаю, сколько яиц Клер ест за одну неделю: 3 яйца × 7 дней = 21 яйцо.
2) Теперь умножаю на 4 недели: 21 × 4 = 84 яйца.
3) Перевожу в дюжины: 84 ÷ 12 = 6 дюжин (остаток 12, но его не считаем, так как это уже новая дюжина, ну или просто 6).
Ответ: 6 дюжин.","Арифметический сбой при делении: ученик неправильно разделил 84 на 12 (например, посчитал, что 12×6=84, хотя это 72, или забыл про остаток, который даёт ещё одну дюжину).","Teacher: Привет! Давай разберём твоё решение. Ты молодец, что разбил задачу на шаги.

Скажи, пожалуйста, а как ты считал остаток в последнем действии? Почему решил, что остаток равен 12?|EOM|Student: Я посчитал, что 12 на 6 — это 72, а 84 минус 72 будет 12. Вот и подумал, что остаток 12, но это же тоже дюжина, поэтому написал, что её не считаем.|EOM|Teacher: Понял. Смотри: ты говоришь, что остаток 12 яиц — это тоже дюжина. А сколько дюжин тогда получается всего: 6 плюс эта «лишняя» дюжина?|EOM|Student: А... ну да, получается 7 дюжин. Но почему тогда у меня 6 вышло? Я же 84 делил на 12... или неправильно разделил?|EOM|Teacher: Давай проверим деление. Сколько будет 12 × 7?|EOM|Student: 12 на 7... эм... 70 плюс 14... получается 84. О! Значит 84 яйца — это ровно 7 дюжин? Тогда я зря отбрасывал остаток...|EOM|Teacher: Именно! 84 ÷ 12 = 7, и остатка нет совсем. Ты просто ошибся в таблице умножения: 12 × 6 — это 72, а не 84. Теперь всё сошлось!",7
N20,medium,"Марисса идет в поход по 12-мильному маршруту. У нее ушел 1 час на то, чтобы пройти первые 4 мили, а затем еще один час на то, чтобы пройти следующие две мили. Если она хочет, чтобы ее средняя скорость составила 4 мили в час, с какой скоростью (в милях в час) ей нужно пройти оставшееся расстояние?",6,"1) Сначала найду, сколько времени должна занять вся прогулка при средней скорости 4 мили в час: 12 : 4 = 3 часа.
2) Марисса уже шла 1 час (первые 4 мили) + 1 час (следующие 2 мили) = 2 часа.
3) Значит, на оставшийся путь осталось времени: 3 − 2 = 1 час.
4) Осталось пройти: 12 − 4 = 8 миль (тут я посчитал, что нужно вычесть только первые 4 мили, а про следующие 2 мили забыл вычесть).
5) Скорость: 8 : 1 = 8 миль в час.","Ученик забыл вычесть из общего расстояния те 2 мили, которые уже были пройдены во второй час, и посчитал оставшееся расстояние равным 8 милям вместо 6.","Teacher: Привет! Давай разберём твоё решение. В пункте 4 ты нашёл оставшееся расстояние. Сколько всего миль Марисса уже прошла за первые два часа?|EOM|Student: За первые два часа она прошла 4 мили в первый час и 2 мили во второй, значит всего 6 миль.|EOM|Teacher: Отлично! Значит, сколько миль ей осталось пройти до конца маршрута?|EOM|Student: Значит, осталось 6 миль. Но у меня в решении получилось 8... я что, забыл вычесть эти 2 мили во втором часе?|EOM|Teacher: Да, именно так! Ты забыл вычесть те 2 мили, которые прошёл во второй час. 

Теперь у тебя есть правильное оставшееся расстояние и оставшееся время. Какую скорость получишь теперь?|EOM|Student: Значит, осталось пройти 6 миль за 1 час, и скорость должна быть 6 миль в час. Я действительно забыл про те 2 мили во втором часе, спасибо!|EOM|Teacher: Всё верно! Теперь ответ правильный — 6 миль в час. Молодец, что заметил ошибку!",7
N21,weak,"У меня есть 10 литров апельсинового напитка, которые на две трети состоят из воды, и я хочу добавить его к 15 литрам ананасового напитка, который на три пятых состоит из воды. Но когда я наливаю, то проливаю один литр апельсинового напитка. Сколько воды в оставшихся 24 литрах?",15,"1) Найду воды в апельсиновом напитке: 10 × 2/3 = 20/3 = 6⅔ (л)
2) Найду воды в ананасовом напитке: 15 × 3/5 = 9 (л)
3) Всего воды в напитках: 6⅔ + 9 = 15⅔ (л)
4) Так как я пролил 1 литр, то из общего количества воды нужно вычесть этот литр: 15⅔ − 1 = 14⅔ (л)
Ответ: 14⅔ литра (или примерно 14,7 л)","Ученик считает, что пролитый литр состоит целиком из воды, а не является смесью с тем же составом (2/3 воды), поэтому ошибочно вычитает полный литр воды вместо 2/3 литра.","Teacher: Давай разберёмся, где тут подвох. Ты правильно посчитал воду в каждом напитке отдельно, но давай посмотрим на момент проливания.

Что именно ты пролил — чистую воду или апельсиновый напиток?|EOM|Student: Я пролил апельсиновый напиток. Но я же вычел литр из общей воды... это что, неправильно?|EOM|Teacher: Правильно, ты пролил апельсиновый напиток. Но ведь в этом литре апельсинового напитка была не только вода?

Скажи, пожалуйста: сколько воды содержится в одном литре апельсинового напитка?|EOM|Student: Не знаю... там же 10 литров, и в них 6⅔ воды. Значит, в литре... 6⅔ делить на 10? Это 2/3? Да, 2/3 литра воды в одном литре апельсинового.|EOM|Teacher: Отлично! Значит, в одном литре апельсинового напитка — ⅔ литра воды.

Теперь скажи: сколько воды ты пролил вместе с тем литром апельсинового напитка?|EOM|Student: Значит, я пролил не целый литр воды, а только ⅔ литра? А я вычел целый литр...|EOM|Teacher: Именно так! Ты вычел целый литр воды, а на самом деле пролил только ⅔ литра воды (остальное — сок).

Теперь пересчитай: сколько всего воды осталось?|EOM|Student: Значит, нужно было вычесть не 1, а ⅔?

Тогда: 15⅔ − ⅔ = 15 литров воды.

Проверю: всего напитков 9 + 15 = 24 литра, а воды 15 литров. Получается?|EOM|Teacher: Всё верно! Ты правильно понял ошибку: нельзя вычитать литр воды, если пролит литр напитка. В апельсиновом напитке вода составляет только ⅔, значит и пролилось только ⅔ литра воды.

Получается ровно 15 литров воды в 24 литрах смеси. Отличная работа!",9
N22,medium,"Рэймонд и Саманта — двоюродные брат и сестра. Рэймонд родился на 6 лет раньше Саманты. В 23 года у Рэймонда родился сын. Если сейчас Саманте 31, сколько лет назад родился сын Рэймонда?",14,"Сейчас Саманте 31 год. Рэймонд родился на 6 лет раньше Саманты, значит он младше её на 6 лет. Значит, Рэймонду сейчас 31 − 6 = 25 лет. Сын родился, когда Рэймонду было 23 года. Чтобы узнать, сколько лет назад это было, вычитаем: 25 − 23 = 2. Ответ: 2 года назад.","Ученик перепутал направление разницы в возрасте: принял «родился раньше» за «младше», хотя на самом деле Рэймонд старше Саманты на 6 лет.","Teacher: Если Рэймонд родился на 6 лет раньше Саманты, кто из них старше?|EOM|Student: Ну, если Рэймонд родился раньше, значит он старше Саманты, а не младше... Ой, в моём решении я написал, что ему 25, а значит, он младше. Похоже, я перепутал — тогда Рэймонду должно быть не 25, а 37 лет?|EOM|Teacher: Верно! Теперь, когда Рэймонду 37 лет, а сын родился, когда ему было 23, сколько лет назад это было?|EOM|Student: Значит, Рэймонду сейчас 31 + 6 = 37 лет. Если сын родился, когда ему было 23, то это было 37 − 23 = 14 лет назад. Теперь всё сходится!|EOM|Teacher: Отлично! Теперь всё верно: Рэймонду 37 лет, и сын родился 14 лет назад.",5
N23,weak,Билли продает DVD-диски. Во вторник у него 8 покупателей. Его первые 3 покупателя покупают по одному DVD-диску каждый. Его следующие 2 покупателя покупают по 2 DVD-диска каждый. Его последние 3 покупателя не покупают DVD-диски. Сколько DVD-дисков Билли продал во вторник?,7,"1) Первые 3 покупателя купили по одному диску: 3 · 1 = 3 диска.
2) Следующие 2 покупателя купили по два диска: 2 · 2 = 4 диска.
3) Последние 3 покупателя — раз они покупатели, значит тоже купили по диску каждый (как и первая группа): 3 · 1 = 3 диска.
4) Складываем всё: 3 + 4 + 3 = 10 дисков.

Ответ: 10","Ученик проигнорировал условие о том, что последние три покупателя не купили диски, и ошибочно приписал им покупку по одному диску, исходя из общего представления, что «покупатель» обязательно что-то покупает.","Teacher: Привет! Давай разберем твое решение. С первыми двумя пунктами всё верно: 3 диска и 4 диска. А теперь скажи, что написано в условии задачи про последних трех покупателей?|EOM|Student: Привет! Там написано, что последние 3 покупателя не покупают DVD-диски. Но я не понимаю, как это... Если они покупатели, значит они что-то покупают, разве нет? Или я что-то путаю?|EOM|Teacher: Хорошо, что заметил это противоречие! А если человек зашёл в магазин, но ничего не купил, как его правильнее назвать — покупателем или посетителем?|EOM|Student: Посетителем, наверное? Но в задаче же написано ""покупатели""... Хм, то есть они покупатели, но ничего не купили? Это странно. Значит, они купили 0 дисков?|EOM|Teacher: Отлично! Ты сам дошёл до этого. Да, в задаче слово «покупатели» используется странно — но условие чётко говорит: они **не покупают** DVD-диски. Значит, сколько дисков купили последние трое?|EOM|Student: Значит, 0 дисков? Тогда всего получается 3 + 4 + 0 = 7? А я почему-то 10 написал...|EOM|Teacher: Да, всё верно! Ты правильно понял: если написано «не покупают», значит ноль дисков, даже если их называют покупателями. Итого 7 дисков.",7
N24,medium,Свеча тает на 2 сантиметра за каждый час горения. На сколько сантиметров короче станет свеча после горения с 13:00 до 17:00?,8,"Чтобы узнать, на сколько короче станет свеча, нужно найти время горения и умножить на 2.
От 13:00 до 17:00 проходит 5 часов (13, 14, 15, 16, 17 — пять чисел).
5 × 2 = 10 (см)
Ответ: свеча станет короче на 10 см.","Ученик считает количество часов перечислением (13, 14, 15, 16, 17) вместо вычитания (17 − 13), принимая 5 часов вместо 4.","Teacher: Привет! Давай разберем твое решение. Ты посчитал, что от 13:00 до 17:00 проходит 5 часов. Проверим на простом примере: если сейчас 13:00, сколько времени пройдет, когда наступит 14:00?|EOM|Student: От 13:00 до 14:00 пройдёт 1 час. Но я считал по-другому: от 13 до 17 получается пять чисел — 13, 14, 15, 16, 17, значит и часов пять.|EOM|Teacher: Хорошо, давай проверим твой метод на этом маленьком примере. Если от 13:00 до 14:00 проходит 1 час, сколько чисел получится по твоему способу — 13 и 14? И сколько тогда часов это даст?|EOM|Student: Получается, два числа, а час один... Значит, я зря считал числа? Тогда от 13 до 17 не 5 часов, а 4?|EOM|Teacher: Да, всё верно! От 13:00 до 17:00 проходит ровно 4 часа. А теперь посчитай, на сколько сантиметров сгорит свеча за это время?|EOM|Student: Ага, теперь понял! Значит, 4 часа × 2 см = 8 сантиметров. Ответ должен быть 8 см, а не 10.|EOM|Teacher: Отлично! Всё правильно. Теперь ты знаешь, что когда считаем время, важно считать интервалы между часами, а не сами числа.",7
N25,weak,"Кайл купил книгу — бестселлер прошлого года за 19,50 $. Это со скидкой 25 % от изначальной цены. Какова была изначальная цена книги?",26,"1) Сначала найду размер скидки в долларах. 25% от 19,50:
19,50 × 0,25 = 4,875 (долларов).

2) Чтобы узнать изначальную цену, нужно вернуть скидку к той цене, за которую купил Кайл:
19,50 + 4,875 = 24,375 (долларов).

Ответ: примерно 24,38 $ (или 24,40 $).","Считает, что для восстановления начальной цены достаточно прибавить 25% к цене со скидкой, не понимая, что скидка в 25% берётся от более высокой изначальной цены, а не от цены покупки.","Teacher: Привет! Давай разберёмся с задачей. Ты посчитал скидку как 25% от 19,50 $. Скажи, пожалуйста: скидка 25% берётся от какой цены — от той, что на ценнике (изначальной), или от той, что заплатил Кайл?|EOM|Student: Я думал, что от 19,50 $, ведь это же цена, которую заплатил Кайл. Но ты спрашиваешь про изначальную... Значит, я ошибся?|EOM|Teacher: Да, ты мыслишь в правильном направлении. Скидка 25% берётся именно от изначальной цены. 

Если скидка составляет 25%, то какую часть от изначальной цены заплатил Кайл? Сколько процентов от начальной цены составляют его 19,50 $?|EOM|Student: Значит... 75%? Потому что 100 минус 25... Но я не уверен, правильно ли считаю.|EOM|Teacher: Верно! 19,50 $ — это 75% от изначальной цены. Если 19,50 составляют 75%, как ты думаешь, как найти полную цену (100%)?|EOM|Student: Наверное... надо 19,50 разделить на 75 и умножить на 100? Или как-то по-другому? Я не очень понимаю, как из 75% получить 100%...|EOM|Teacher: Да, всё верно! Можно разделить на 75 и умножить на 100, или проще — разделить 19,50 на 0,75 (ведь 75% = 0,75). Попробуй посчитать. Сколько получится?|EOM|Student: Получается... 26? Я посчитал: 19,50 делю на 0,75... вроде 26 выходит. Это правильно?|EOM|Teacher: Да, всё правильно! 26 $ — это изначальная цена книги. Ты верно понял, что 19,50 $ — это 75% от полной цены, и нашёл 100%.",9
N26,medium,"Мари заказала одно блюдо из курицы, которое стоит 12 $, 5 пакетов молока, которое стоит по 3 $ за каждый, 4 яблока, которые стоят по 1,50 $ за каждое, и несколько коробок пиццы. Всего Мари заплатила 50 $. Сколько коробок пиццы заказала Мари, если каждая коробка стоит 8,50 $?",2,"Сначала я нашёл, сколько стоит курица — это 12 $.
Потом посчитал яблоки: 4 штуки по 1,50 $ = 6 $.
Сложил эти покупки: 12 + 6 = 18 $.
Теперь вычитаю из общей суммы денег: 50 - 18 = 32 $. Это то, что потратили на пиццу.
Делю 32 на 8,50 и получаю примерно 3,76, значит Мари заказала 4 коробки пиццы (округляю до целого числа).
Ответ: 4.",Ученик упустил из расчёта стоимость 5 пакетов молока (не прибавил 15 $ к общей сумме покупок перед вычитанием из 50 $).,"Teacher: Привет! Давай разберем твое решение. Ты хорошо посчитал стоимость курицы и яблок, но давай проверим, все ли покупки Мари ты учел в своих расчетах?

Перечисли, пожалуйста, что еще, кроме курицы и яблок, было в заказе по условию задачи.|EOM|Student: В заказе ещё были 5 пакетов молока по 3 $ и несколько коробок пиццы по 8,50 $. Но я ведь всё это учёл при подсчёте, просто в записи не расписывал молоко отдельно.|EOM|Teacher: Хорошо, давай проверим. Сколько стоит молоко в заказе? И какую именно сумму ты вычитал из общих 50 $?|EOM|Student: Молоко стоит 15 долларов — 5 пакетов по 3 $. 

Я вычел из 50 долларов 18 долларов, потому что сложил курицу и яблоки. 

Но постой... если молоко тоже 15 долларов, то... ой, кажется, я его забыл включить в эти 18 долларов? Хотя нет, подождите, я ведь... нет, точно, я вычел только 18, а молоко-то тоже надо было вычесть... 

Ладно, может я ошибся, но 32 делить на 8,50 как раз около 4 получается, так что может молоко и не влияет? Или я что-то не так понял?|EOM|Teacher: Давай посчитаем вместе. Сколько всего потрачено на курицу, яблоки и молоко вместе? И сколько тогда останется на пиццу?|EOM|Student: Курица — 12 $, яблоки — 6 $, молоко — 15 $... значит вместе 33 $. 

Тогда на пиццу остаётся 50 − 33 = 17 $.

А 17 разделить на 8,50 — это ровно 2 коробки, не 4! 

Точно, я забыл молоко вычесть из общей суммы, поэтому у меня получилось 32 вместо 17. Спасибо, теперь понял!|EOM|Teacher: Отлично! Теперь всё сходится: 2 коробки пиццы по 8,50 $ — это как раз 17 $. Молодец, что заметил пропущенное молоко!",7
N27,weak,"Мишка купил 3 пары шорт, 3 пары штанов и 3 пары обуви. Одна пара шорт стоит 16,50 $. Одна пара штанов стоит 22,50 $, а одна пара обуви стоит 42 $. Сколько долларов Мишка потратил на все предметы одежды?",243,"Я сначала посчитаю шорты: 16,50 умножаю на 3, получается 49,50 долларов.
Потом штаны: 22,50 умножаю на 3. 22 умножить на 3 — 66, и ещё 50 центов, значит, 66,50 долларов.
Обувь: 42 на 3 — 126 долларов.
Теперь складываю: 49,50 + 66,50 = 116 долларов. Прибавляю 126 — выходит 242 доллара.
Ответ: 242.","При умножении десятичной дроби 22,50 на 3 ученик умножил только целую часть, а дробную часть переписал без изменения, считая, что «50 центов» просто дописываются к результату умножения целой части.","Teacher: Привет! Давай разберём твоё решение. Всё хорошо, но где-то закралась маленькая ошибка в вычислениях.

Скажи, пожалуйста, как ты умножал 22,50 на 3? В частности, что получается, если 50 центов умножить на 3?|EOM|Student: Ну... 50 центов умножить на 3 получается 150 центов? Это же 1 доллар 50 центов... А я почему-то просто прибавил 50 центов к 66. Значит, я ошибся?|EOM|Teacher: Да, ты нашёл ошибку! 0,50 × 3 = 1,50 доллара, а не 0,50.

Сколько теперь получается стоимость трёх пар штанов?|EOM|Student: Значит, 66 + 1,50 = 67,50 долларов? А я посчитал 66,50... Теперь понятно, я 50 центов только один раз прибавил, а надо было полтора доллара.|EOM|Teacher: Верно! Теперь у тебя правильная цена за штаны — 67,50.

Сколько получится в сумме за все покупки: 49,50 + 67,50 + 126?|EOM|Student: Значит, 49,50 + 67,50 = 117. И плюс 126 — получается 243 доллара.|EOM|Teacher: Отлично! Теперь всё сошлось — 243 доллара. Ты сам нашёл и исправил ошибку: когда умножаешь десятичные дроби, нужно умножать всё число целиком, а не отдельно доллары и центы. Молодец!",7
N28,medium,"Синтия ест одну порцию мороженого каждый вечер. Она покупает коробки мороженого с 15 порциями мороженого на коробку по цене 4,00 $ за коробку. Через 60 дней сколько она потратит на мороженое?",16,"1) Сначала найду, сколько порций мороженого съест Синтия: 60 дней × 1 порция = 60 порций.
2) Так как одна коробка стоит 4 доллара, то общие затраты будут: 60 × 4 = 240 долларов.

Ответ: 240 $","Ученик не учёл, что 4 доллара — это цена за коробку из 15 порций, а не за одну порцию, и умножил общее количество порций на цену коробки.","Teacher: Хорошо, ты правильно нашёл, что понадобится 60 порций. А теперь скажи: что именно стоит 4 доллара — одна порция мороженого или целая коробка?|EOM|Student: Целая коробка стоит 4 доллара. Я посчитал, что раз мне нужно 60 порций, то мне нужно купить 60 коробок, поэтому 60 умножил на 4.|EOM|Teacher: Подожди, а сколько порций мороженого в одной коробке?|EOM|Student: В коробке 15 порций. Значит, мне не нужно покупать 60 коробок — одной коробки хватит почти на две недели?..|EOM|Teacher: Точно! Одна коробка на 15 порций. Так сколько же коробок нужно купить на 60 порций?|EOM|Student: 60 разделить на 15 — это 4 коробки. Значит, надо 4 умножить на 4 доллара, получается 16 долларов... Я ошибся, потому что сразу умножил порции на цену коробки, а не учёл, что в одной коробке много порций.|EOM|Teacher: Верно! Теперь всё сходится: 4 коробки по 4 доллара — это 16 долларов. Ты правильно понял, где была ошибка.",7
N29,weak,Во время 60-мильной поездки на велосипеде Генри сделал две остановки. В первый раз он остановился через 20 миль. Его вторая остановка была за 15 миль до конца поездки. Сколько миль он проехал между первой и второй остановкой?,25,"Сначала я определил, где была первая остановка. Написано, что она была через 20 миль, значит на отметке 20 миль от начала.
Потом я посмотрел на условие про вторую остановку: «за 15 миль до конца». Я подумал, что это значит на 15-й миле от начала (перепутал «до конца» с «от начала»).
Чтобы найти расстояние между остановками, надо вычесть меньшее расстояние из большего: 20 − 15 = 5 миль.
Ответ: 5.","Неправильно определил положение второй остановки, приняв расстояние до конца пути за расстояние от начала.","Teacher: Давай разберёмся, где именно возникла путаница. Ты правильно определил первую остановку — она на 20-й миле от начала. 

А теперь скажи: если вся поездка 60 миль, и вторая остановка находится за 15 миль до конца, то сколько миль осталось проехать от этой остановки до финиша?|EOM|Student: Эм... 15 миль? Потому что написано ""за 15 миль до конца""... 

Но тогда... получается она не на 15-й миле от начала? Я запутался.|EOM|Teacher: Правильно, до конца остаётся 15 миль. Если вся поездка — 60 миль, то как далеко от начала находится вторая остановка?|EOM|Student: Значит... 60 минус 15? Получается 45 миль от начала?|EOM|Teacher: Отлично! Значит, первая остановка — на 20-й миле, а вторая — на 45-й. 

Сколько миль между ними?|EOM|Student: Получается... 45 минус 20... это 25 миль? 

Тогда я до этого ошибся, считая что 20 минус 15... Всё, понял!|EOM|Teacher: Верно! Теперь всё сходится: вторая остановка на 45-й миле, а между ними 25 миль. Главное — не путать «от начала» и «до конца».",7
N30,medium,"Глория ходит по обувным магазинам, когда встречает пару ботинок, которые вписываются в ее бюджет на обувь. Однако ей приходится выбирать между этими ботинками и двумя парами туфель на высоких каблуках, которые вместе стоят на пять долларов меньше, чем ботинки. Если одна пара туфель на каблуках стоит 33 $, а вторая стоит в два раза больше, сколько долларов стоят ботинки?",104,"Сначала найду, сколько стоит вторая пара туфель. Раз она стоит в два раза больше первой, получается:
33 × 2 = 66 (долларов).

Теперь определю цену ботинок. По условию, они стоят на 5 долларов дороже, чем туфли (ученик не замечает слово «вместе» и сравнивает ботинки только со второй парой, игнорируя первую):
66 + 5 = 71 (доллар).

Ответ: 71","Ученик потерял условие о том, что речь идёт о сумме цен обеих пар туфель, и сравнил стоимость ботинок только с ценой второй пары.","Teacher: Давай разберем твое решение. Ты правильно нашел цену второй пары туфель — 66 долларов. Но давай внимательнее посмотрим на условие: с чем именно сравниваются ботинки по цене — с одной парой туфель или с чем-то еще?|EOM|Student: Я думал, что ботинки сравниваются со второй парой туфель за 66 долларов, ведь она дороже первой и это основной выбор. Но раз ты спрашиваешь, может быть, я упустил, что нужно было учитывать обе пары вместе?|EOM|Teacher: Да, ты правильно заметил слово ""вместе"". Сколько стоят обе пары туфель, если сложить их цены?|EOM|Student: 33 + 66 = 99 долларов за обе пары вместе... О, тогда если ботинки на 5 долларов дороже, чем они вместе, получается 99 + 5 = 104 доллара? 

Но я же посчитал 71... Значит, я действительно сравнил ботинки только со второй парой, а надо было с суммой обеих? Теперь понятно, почему ответ не сходился — я пропустил, что там две пары туфель, а не одна.|EOM|Teacher: Верно! Теперь всё сходится. Ты правильно уловил: в условии сказано, что две пары туфель вместе стоят на 5 долларов меньше, чем ботинки, а не одна пара. Отличная работа!",5
N31,weak,"Возраст Даррелла и Аллена находится в соотношении 7:11. Если их общий возраст сейчас 162, вычислите возраст Аллена через 10 лет.",109,"1) Сначала найдём общее количество частей в отношении: 7 + 11 = 18 частей.
2) Теперь узнаем, сколько лет приходится на одну часть: 162 : 18 = 9 лет.
3) Значит, сейчас Аллену (у него 11 частей): 11 · 9 = 99 лет.
4) Через 10 лет Аллен станет старше на 10 частей, поэтому у него будет: 11 + 10 = 21 часть.
5) Вычисляем его возраст через 10 лет: 21 · 9 = 189 лет.

Ответ: 189","Ученик прибавил число лет (10) к количеству частей отношения (11) вместо того, чтобы прибавить эти 10 лет к вычисленному текущему возрасту (99), перепутав понятия «часть отношения» и «годы жизни».","Teacher: Давай разберём твоё решение. Первые три шага верны: Аллену сейчас действительно 99 лет. Но посмотри на четвёртый шаг. Что означает число 11 — это возраст Аллена в годах или что-то другое?|EOM|Student: 11 — это же части, а не годы. А 99 — годы. Ой, я что, 10 лет к частям прибавил вместо возраста?|EOM|Teacher: Да, именно так! Ты прибавил 10 лет к частям, а надо — к возрасту в годах. Какой тогда правильный возраст Аллена через 10 лет?|EOM|Student: А, понятно... Значит, надо было к 99 годам прибавить 10, а не к частям. Получается 99 + 10 = 109 лет?|EOM|Teacher: Всё верно! К возрасту в годах прибавляем 10 лет, а не к частям отношения. Ответ: 109 лет.",5
N32,medium,"Гюнтер пытается сосчитать мармеладки в банке. Он спрашивает у друзей, сколько, как они думают, в банке. Один говорит, 80. Другой говорит, на 20 больше, чем половина того, что сказал первый. Третий говорит, на 25 % больше, чем сказал первый. Какова их средняя догадка?",80,"Первый друг сказал, что в банке 80 мармеладок.
Второй сказал «на 20 больше, чем половина» от 80. Половина от 80 — это 40.
Третий сказал «на 25 % больше», чем 80. Значит, 80 + 25 = 105.
Теперь найдём среднее арифметическое этих трёх чисел:
(80 + 40 + 105) : 3 = 225 : 3 = 75.
Ответ: 75 мармеладок.","Ученик неправильно интерпретировал словесные формулировки: для второго друга учёл только «половину» (40), забыв прибавить 20, а для третьего воспринял «25 %» как абсолютное число 25 вместо вычисления 25 % от 80 (которое даёт 100).","Teacher: Привет! Давай внимательно посмотрим на ответ второго друга. Ты нашёл половину от 80 — это 40. Но в условии сказано «на 20 больше, чем половина». Как ты думаешь, какое число он имел в виду?|EOM|Student: Ой, точно! Я посчитал только половину — 40, а ведь надо было ещё 20 прибавить, значит он имел в виду 60. Я почему-то пропустил эти «на 20 больше» и взял просто чистую половину.|EOM|Teacher: Отлично, поправил! Теперь давай посмотрим на третьего друга. Ты написал: «80 + 25 = 105». Как ты думаешь, правильно ли прибавлять 25 к 80, если речь идёт о 25%?|EOM|Student: Я просто прибавил 25, но сейчас понимаю, что 25% — это же доля от числа. Надо было посчитать 25% от 80, это 20, а не просто 25. Значит, ответ третьего друга — 100, а не 105.|EOM|Teacher: Правильно! Теперь посчитай среднее от 80, 60 и 100. Что получается?|EOM|Student: Получается: (80 + 60 + 100) : 3 = 240 : 3 = 80. 

Значит, средняя догадка — 80 мармеладок. Теперь понятно, где я ошибся!|EOM|Teacher: Всё верно! Ты исправил обе ошибки: забыл прибавить 20 ко второму ответу и перепутал проценты с простым числом. Молодец, что разобрался!",7
N33,weak,"Джон ухаживает за 10 собаками. Каждой собаке требуется 0,5 часа в день, чтобы погулять и сделать свои дела. Сколько часов в неделю он тратит на уход за собаками?",35,"Сначала найду, сколько времени Джон тратит на всех собак в день:
10 собак × 0,5 часа = 50 часов в день.

Теперь умножу на количество дней в неделе:
50 × 7 = 350 часов в неделю.

Ответ: 350 часов.","Арифметическая ошибка при работе с десятичной дробью: ученик умножил 10 на 5 вместо 10 на 0,5, проигнорировав запятую в числе 0,5.","Teacher: Давай разберем твое решение. Ты написал, что 10 собак по 0,5 часа дают 50 часов в день. Сколько будет, если умножить 10 на 0,5?|EOM|Student: Ну... 50? Потому что 10 на 5 — 50, а ноль с запятой, наверное, просто так стоит?|EOM|Teacher: Проверь себя: если 50 часов в день на 10 собак, сколько часов приходится на одну собаку?|EOM|Student: 50 делить на 10... получится 5 часов на собаку? Но в задаче же написано 0,5... Ой, кажется, я с запятой напутал.|EOM|Teacher: Правильно! 0,5 — это полчаса, не 5. А сколько теперь получится часов в день на всех 10 собак?|EOM|Student: Значит... 10 умножить на 0,5... это как 10 делить на 2? Получится 5 часов в день?|EOM|Teacher: Отлично! Теперь у нас 5 часов в день. А сколько часов в неделю? Умножь на количество дней.|EOM|Student: 5 умножить на 7... получится 35 часов в неделю?|EOM|Teacher: Всё верно! Теперь ответ правильный: 35 часов в неделю.",9
N34,medium,"У Гретхен есть 110 монет. Золотых монет на 30 больше, чем серебряных. Сколько золотых монет у Гретхен?",70,"Сначала вычтем лишние 30 золотых монет из общего числа, чтобы узнать, сколько монет останется, если золотых и серебряных поровну:
110 − 30 = 80
Теперь разделим это число поровну между золотыми и серебряными:
80 : 2 = 40
Значит, золотых монет 40.
Ответ: 40","Ученик правильно нашёл количество серебряных монет (40), но принял его за количество золотых, забыв прибавить разницу в 30 штук обратно к найденному числу.","Teacher: Давай проверим твой ответ. Если золотых монет 40, и они на 30 больше серебряных, то сколько серебряных монет получается?|EOM|Student: Значит, серебряных 10... Но 40 плюс 10 получается 50, а у Гретхен всего 110 монет. Ой, я кажется понял — я перепутал, что означает результат после деления.|EOM|Teacher: Что именно ты перепутал? Что означает число 40 на самом деле — золотые или серебряные монеты?|EOM|Student: 40 — это серебряные, а не золотые. Потому что когда я вычел 30 лишних золотых, у меня осталось 80 монет поровну, значит по 40 каждого. А золотых на самом деле 40 + 30 = 70. Проверю: 70 + 40 = 110, и 70 − 40 = 30. Всё сходится.|EOM|Teacher: Отлично! Ты правильно понял: после деления получилось количество серебряных монет, а золотых на 30 больше. Проверка подтверждает, что 70 — это верный ответ.",5
N35,weak,"У Шивон на 2 драгоценных камня меньше, чем у Аарона. У Аарона на 5 драгоценных камней больше, чем половина драгоценных камней Рэймонда. Если у Рэймонда 40 драгоценных камней, сколько драгоценных камней у Шивон?",23,"Дано: у Рэймонда 40 драгоценных камней.

Решение:
1) Найдём половину камней Рэймонда:
40 : 2 = 20 (камней)

2) Найдём, сколько камней у Аарона. У него на 5 больше, чем половина у Рэймонда:
20 + 5 = 25 (камней)

3) Найдём, сколько камней у Шивон. У неё на 2 камня меньше, чем у Аарона:
25 + 2 = 27 (камней)

Ответ: 27","Ученик механически прибавил 2 вместо вычитания на последнем шаге, неверно истолковав отношение «на 2 меньше, чем у Аарона» и перепутав действие при сравнении двух величин.","Teacher: Привет! Давай разберём твою задачу. Я посмотрел твоё решение — хорошо, что ты расписал всё по шагам. Но в одном месте есть ошибка.

Давай проверим третий шаг. Ты написал: «25 + 2 = 27». 

Подумай: если у Шивон на 2 камня **меньше**, чем у Аарона, какое действие нужно — сложение или вычитание?|EOM|Student: Наверное, вычитание? Потому что если ""меньше"", то нужно отнимать... Значит, 25 - 2 = 23?|EOM|Teacher: Верно! Если у неё на 2 камня меньше, чем у Аарона, значит, нужно вычесть: 25 − 2 = 23.

Итак, у Шивон 23 драгоценных камня.",3
